name,datetime,tempmax,tempmin,temp,feelslikemax,feelslikemin,feelslike,dew,humidity,precip,precipprob,precipcover,preciptype,snow,snowdepth,windgust,windspeed,winddir,sealevelpressure,cloudcover,visibility,solarradiation,solarenergy,uvindex,severerisk,sunrise,sunset,moonphase,conditions,description,icon,stations
Thoai Son,2021-11-08,32,25,28.3,39.2,25,32.2,25,83.1,15.1,100,8.33,rain,,,,20.5,99.7,1008.1,59.2,11.4,115.1,9.9,4,,2021-11-08T05:51:27,2021-11-08T17:33:44,0.11,"Rain, Partially cloudy",Partly cloudy throughout the day with rain.,rain,"48907099999,VVCT,48912599999"
Thoai Son,2021-11-09,30.1,25,27.2,37.4,25,30,25.3,90,0.9,100,4.17,rain,,,,12,19.6,1008.9,63.3,11.6,154.9,13.5,5,,2021-11-09T05:51:45,2021-11-09T17:33:35,0.15,"Rain, Partially cloudy",Partly cloudy throughout the day with late afternoon rain.,rain,"48907099999,VVCT,48912599999,remote"
Thoai Son,2021-11-10,31,24,27.3,39.1,24,30.1,24.9,87.9,0.7,100,4.17,rain,,,,13,32.3,1009,65.7,10.8,166.7,14.5,6,,2021-11-10T05:52:04,2021-11-10T17:33:28,0.18,"Rain, Partially cloudy",Partly cloudy throughout the day with early morning rain.,rain,"48907099999,VVCT,48912599999"
Thoai Son,2021-11-11,26.4,23,24.8,26.4,23,24.8,24.1,95.7,12.9,100,12.5,rain,,,,13,50.8,1009.3,83.2,9.9,137.6,11.9,5,,2021-11-11T05:52:24,2021-11-11T17:33:21,0.25,"Rain, Partially cloudy",Partly cloudy throughout the day with rain.,rain,"48907099999,VVCT,48912599999"
Thoai Son,2021-11-12,31,24,27,37.7,24,29.6,24.4,86.5,0.2,100,8.33,rain,,,,25.9,68.1,1009.4,68,11.5,112.8,9.8,4,,2021-11-12T05:52:44,2021-11-12T17:33:16,0.25,"Rain, Partially cloudy",Partly cloudy throughout the day with rain.,rain,"48907099999,VVCT,48912599999"
Thoai Son,2021-11-13,31,24,27.1,37.7,24,29.8,24.6,86.6,33.4,100,8.33,rain,,,48.2,22.3,86.8,1009.5,56.1,10.8,192.8,16.7,7,,2021-11-13T05:53:04,2021-11-13T17:33:11,0.29,"Rain, Partially cloudy",Partly cloudy throughout the day with rain.,rain,"48907099999,VVCT,48912599999"
Thoai Son,2021-11-14,28.4,23,25.7,32.6,23,27.3,24.1,91.4,6,100,4.17,rain,,,,13,69.6,1010.1,65.7,11.3,162.7,14.1,6,,2021-11-14T05:53:26,2021-11-14T17:33:08,0.32,"Rain, Partially cloudy",Partly cloudy throughout the day with early morning rain.,rain,"48907099999,VVCT,48912599999"
Thoai Son,2021-11-15,30.3,24,26.3,36.3,24,27.8,24.8,91.8,3.8,100,58.33,rain,,,,11.2,88.7,1008.7,56.5,11.7,197.1,17.1,8,,2021-11-15T05:53:48,2021-11-15T17:33:06,0.36,"Rain, Partially cloudy",Partly cloudy throughout the day with a chance of rain throughout the day.,rain,"48907099999,VVCT,48912599999"
Thoai Son,2021-11-16,27.8,24,25.4,32.5,24,26.1,24.9,97.1,9,100,12.5,rain,,,,11.2,66.9,1008.8,66.6,10.2,115,10.1,4,,2021-11-16T05:54:10,2021-11-16T17:33:05,0.39,"Rain, Partially cloudy",Partly cloudy throughout the day with a chance of rain throughout the day.,rain,"48907099999,VVCT,48912599999"
Thoai Son,2021-11-17,31.1,24,26.9,37.7,24,29.2,24.8,89.4,1.2,100,4.17,rain,,,,18.4,49.7,1009,63.5,11.2,161.9,14,6,,2021-11-17T05:54:34,2021-11-17T17:33:05,0.43,"Rain, Partially cloudy",Partly cloudy throughout the day with late afternoon rain.,rain,"48907099999,VVCT,48912599999"
Thoai Son,2021-11-18,30,25,26.8,37.4,25,29,25,90.5,0.1,100,4.17,rain,,,,18.4,78.8,1008.3,64.4,11.3,194.8,16.9,7,,2021-11-18T05:54:58,2021-11-18T17:33:06,0.46,"Rain, Partially cloudy",Partly cloudy throughout the day with early morning rain.,rain,"48907099999,VVCT,48912599999,remote"
Thoai Son,2021-11-19,32,24,27.2,38.3,24,29.9,24.7,87.2,0.3,100,12.5,rain,,,,9.1,77.9,1007.3,59.8,11.5,171.5,15,6,,2021-11-19T05:55:22,2021-11-19T17:33:08,0.5,"Rain, Partially cloudy",Partly cloudy throughout the day with late afternoon rain.,rain,"48907099999,VVCT,48912599999"
Thoai Son,2021-11-20,32,24,26.4,39.2,24,28.1,24.9,92,16.1,100,8.33,rain,,,,13,215.3,1007.3,63.1,10.4,135.9,11.8,4,,2021-11-20T05:55:47,2021-11-20T17:33:11,0.53,"Rain, Partially cloudy",Partly cloudy throughout the day with rain.,rain,"48907099999,VVCT,48912599999"
Thoai Son,2021-11-21,31.3,24,27.5,37.7,24,30.1,24.2,83.4,0.4,100,4.17,rain,,,,14.8,67.9,1008.2,68.6,10.7,166.6,14.5,7,,2021-11-21T05:56:13,2021-11-21T17:33:16,0.56,"Rain, Partially cloudy",Partly cloudy throughout the day with early morning rain.,rain,"48907099999,VVCT,48912599999,remote"
Thoai Son,2021-11-22,31,25,27.4,37.7,25,30.2,24.9,86.9,32.2,100,4.17,rain,,,,20.5,75.7,1008.8,55.7,11.3,107.6,9.3,4,,2021-11-22T05:56:39,2021-11-22T17:33:21,0.59,"Rain, Partially cloudy",Partly cloudy throughout the day with late afternoon rain.,rain,"48907099999,VVCT,48912599999"
Thoai Son,2021-11-23,32,24.8,27.3,39.2,24.8,29.8,25,88,7.6,100,66.67,rain,,,,16.6,52.7,1008.9,54.5,10.7,101,8.8,3,,2021-11-23T05:57:05,2021-11-23T17:33:28,0.63,"Rain, Partially cloudy",Partly cloudy throughout the day with a chance of rain throughout the day.,rain,"48907099999,VVCT,48912599999"
Thoai Son,2021-11-24,31.1,25,27,36.6,25,29.1,24.8,88.7,0.2,100,4.17,rain,,,,9.1,57.4,1009.6,54.7,10.5,133.8,11.7,5,,2021-11-24T05:57:33,2021-11-24T17:33:35,0.66,"Rain, Partially cloudy",Partly cloudy throughout the day with early morning rain.,rain,"48907099999,VVCT,48912599999,remote"
Thoai Son,2021-11-25,30,24,26.4,36.2,24,27.9,24.5,90.1,26,100,4.17,rain,,,,12.2,42.2,1009.7,78.1,11.2,152.2,13.3,7,,2021-11-25T05:58:00,2021-11-25T17:33:44,0.7,"Rain, Partially cloudy",Partly cloudy throughout the day with early morning rain.,rain,"48907099999,VVCT,48912599999"
Thoai Son,2021-11-26,30.1,24,26.7,33.9,24,28.3,23.2,82.3,0,0,0,,,,,12.9,6.7,1009.4,50,11.9,183.6,15.7,8,,2021-11-26T05:58:28,2021-11-26T17:33:53,0.73,Partially cloudy,Partly cloudy throughout the day.,partly-cloudy-day,"48907099999,VVCT,48912599999"
Thoai Son,2021-11-27,27.8,24,25.7,30.2,24,26.2,21.7,79,0.8,100,29.17,rain,,,,21.9,12.4,1009.5,68.7,11.7,110.5,9.5,4,,2021-11-27T05:58:57,2021-11-27T17:34:04,0.75,"Rain, Partially cloudy",Partly cloudy throughout the day with rain.,rain,"48907099999,VVCT,48912599999"
Thoai Son,2021-11-28,28.9,24,25.7,32.7,24,26.7,23.2,86.4,1.4,100,33.33,rain,,,,28.1,3.2,1008.5,79.6,11.1,167.6,14.4,8,,2021-11-28T05:59:26,2021-11-28T17:34:15,0.8,"Rain, Partially cloudy",Partly cloudy throughout the day with rain.,rain,"48907099999,VVCT,48912599999,remote"
Thoai Son,2021-11-29,28,23,25.1,31.9,23,25.8,24,94,1,100,8.33,rain,,,,13.9,6.5,1007.9,89.8,10.3,105.4,9,4,,2021-11-29T05:59:55,2021-11-29T17:34:28,0.83,"Rain, Partially cloudy",Partly cloudy throughout the day with rain.,rain,"48907099999,VVCT,48912599999"
Thoai Son,2021-11-30,25.3,24,24.5,25.3,24,24.5,24.3,99.1,19,100,12.5,rain,,,,14.8,40.2,1008.8,90.3,8.8,127.2,11,5,,2021-11-30T06:00:25,2021-11-30T17:34:42,0.86,"Rain, Overcast",Cloudy skies throughout the day with a chance of rain throughout the day.,rain,"48907099999,VVCT,48912599999"
Thoai Son,2021-12-01,27.3,24,25.3,30.2,24,25.7,23.6,91,0.1,100,4.17,rain,,,,15.1,34.5,1010.4,87.7,11.4,186,16.1,7,,2021-12-01T06:00:55,2021-12-01T17:34:56,0.9,"Rain, Partially cloudy",Partly cloudy throughout the day with morning rain.,rain,"48907099999,VVCT,48912599999,remote"
Thoai Son,2021-12-02,28.3,22,24.9,30.1,22,25.3,21.2,80.9,0.1,100,4.17,rain,,,,14.7,9.1,1011.4,46.6,12.1,207.9,18,8,,2021-12-02T06:01:25,2021-12-02T17:35:12,0.93,"Rain, Partially cloudy",Partly cloudy throughout the day with afternoon rain.,rain,"48907099999,VVCT,48912599999"
Thoai Son,2021-12-03,28.5,22,24.7,30.1,22,25.1,20.3,77.6,0.6,100,25,rain,,,,14.7,1.4,1012.8,51.9,11.7,230.4,20.1,9,,2021-12-03T06:01:56,2021-12-03T17:35:28,0.96,"Rain, Partially cloudy",Partly cloudy throughout the day with a chance of rain throughout the day.,rain,"48907099999,VVCT,48912599999"
Thoai Son,2021-12-04,26.5,21,23.5,26.5,21,23.5,19,77.1,0.1,100,4.17,rain,,,,14.8,2.2,1012.9,73.5,11.9,219.1,18.9,8,,2021-12-04T06:02:27,2021-12-04T17:35:46,0,"Rain, Partially cloudy",Partly cloudy throughout the day with early morning rain.,rain,"48907099999,VVCT,48912599999"
Thoai Son,2021-12-05,28.3,20,23.7,29.3,20,24,18.8,74.9,0,0,0,,,,,18.4,6.4,1012.2,59,11.8,259.2,22.3,9,,2021-12-05T06:02:58,2021-12-05T17:36:04,0.03,Partially cloudy,Partly cloudy throughout the day.,partly-cloudy-day,"48907099999,VVCT,48912599999,remote"
Thoai Son,2021-12-06,29.3,22,25.2,32.7,22,26,21,78.7,0,0,0,,,,,11.2,356.5,1011.5,64.7,11.7,245.5,21.3,9,,2021-12-06T06:03:29,2021-12-06T17:36:23,0.06,Partially cloudy,Partly cloudy throughout the day.,partly-cloudy-day,"48907099999,VVCT,48912599999"
Thoai Son,2021-12-07,29,22,25,31.4,22,25.7,21.6,82.2,0,0,0,,,,,11.2,8.9,1012.1,66.1,11.9,200.2,17.3,7,,2021-12-07T06:04:01,2021-12-07T17:36:43,0.1,Partially cloudy,Partly cloudy throughout the day.,partly-cloudy-day,"48907099999,VVCT,48912599999,remote"
Thoai Son,2021-12-08,30,22,25.5,31.3,22,26.1,21.2,78.8,0,0,0,,,,,13,19.3,1012.1,85.6,11.7,250.2,21.6,8,,2021-12-08T06:04:32,2021-12-08T17:37:04,0.13,Partially cloudy,Partly cloudy throughout the day.,partly-cloudy-day,"48907099999,VVCT,48912599999"
Thoai Son,2021-12-09,28.8,23,25.7,32.6,23,27,23.2,86.3,0.1,100,4.17,rain,,,,8.2,24.4,1012.3,82.4,11.2,182.7,15.8,7,,2021-12-09T06:05:04,2021-12-09T17:37:26,0.16,"Rain, Partially cloudy",Partly cloudy throughout the day with late afternoon rain.,rain,"48907099999,VVCT,48912599999"
Thoai Son,2021-12-10,29.3,23,25.3,32,23,26.1,21.5,80.8,6,100,4.17,rain,,,,17.6,22.9,1012,66.7,11.4,225.2,19.4,8,,2021-12-10T06:05:36,2021-12-10T17:37:49,0.2,"Rain, Partially cloudy",Partly cloudy throughout the day with early morning rain.,rain,"48907099999,VVCT,48912599999,remote"
Thoai Son,2021-12-11,29,21,24.6,32.7,21,25.1,22.2,87.6,0,0,0,,,,,10.3,21.5,1012.3,60,11.3,230.3,19.9,8,,2021-12-11T06:06:07,2021-12-11T17:38:12,0.25,Partially cloudy,Partly cloudy throughout the day.,partly-cloudy-day,"48907099999,VVCT,48912599999,remote"
Thoai Son,2021-12-12,30,21,25.6,34.1,21,26.9,22.4,83.5,0,0,0,,,,,11.2,24.5,1011.4,48.6,11.2,239.3,20.5,8,,2021-12-12T06:06:39,2021-12-12T17:38:36,0.27,Partially cloudy,Partly cloudy throughout the day.,partly-cloudy-day,"48907099999,VVCT,48912599999"
Thoai Son,2021-12-13,29.8,23,26.2,31.5,23,27,21.6,77.3,0,0,0,,,,,12.8,10.8,1010.6,48.5,11.7,233.1,19.9,8,,2021-12-13T06:07:11,2021-12-13T17:39:01,0.3,Partially cloudy,Partly cloudy throughout the day.,partly-cloudy-day,"48907099999,VVCT,48912599999"
Thoai Son,2021-12-14,29.8,23,26.1,32.2,23,26.9,21.6,77.5,0,0,0,,,,,13,5.4,1009.6,48.6,11.7,235.3,20.2,9,,2021-12-14T06:07:42,2021-12-14T17:39:26,0.33,Partially cloudy,Partly cloudy throughout the day.,partly-cloudy-day,"48907099999,VVCT,48912599999"
Thoai Son,2021-12-15,30.1,23,26.5,34.1,23,28.1,22.6,79.9,0,0,0,,,,,14.8,8.9,1009,63.5,11.7,227,19.6,8,,2021-12-15T06:08:14,2021-12-15T17:39:52,0.37,Partially cloudy,Partly cloudy throughout the day.,partly-cloudy-day,"48907099999,VVCT,48912599999"
Thoai Son,2021-12-16,30,24,26.8,34.5,24,28.7,23.5,83.1,0.2,100,4.17,rain,,,,18.4,64.8,1009.5,60.1,11.1,218.2,19,8,,2021-12-16T06:08:45,2021-12-16T17:40:19,0.4,"Rain, Partially cloudy",Partly cloudy throughout the day with early morning rain.,rain,"48907099999,VVCT,48912599999"
Thoai Son,2021-12-17,31,23,26.6,36.5,23,28.6,24,86.5,5.4,100,4.17,rain,,,,13,69.1,1009.6,65.7,11.7,184.9,16,6,,2021-12-17T06:09:17,2021-12-17T17:40:46,0.43,"Rain, Partially cloudy",Partly cloudy throughout the day with late afternoon rain.,rain,"48907099999,VVCT,48912599999"
Thoai Son,2021-12-18,30,23,26.4,33.3,23,27.5,22.4,80.2,0,0,0,,,,,14.8,12.2,1009.6,64.8,11.5,245.2,21.1,9,,2021-12-18T06:09:48,2021-12-18T17:41:14,0.47,Partially cloudy,Partly cloudy throughout the day.,partly-cloudy-day,"48907099999,VVCT,48912599999"
Thoai Son,2021-12-19,28,23,24.9,29.7,23,25.1,19.7,73.2,0,0,0,,,,,16.6,352.8,1010.3,84.1,11.6,220.9,19.2,8,,2021-12-19T06:10:18,2021-12-19T17:41:43,0.5,Partially cloudy,Partly cloudy throughout the day.,partly-cloudy-day,"48907099999,VVCT,48912599999"
Thoai Son,2021-12-20,28.3,22,24.5,30,22,24.8,20.4,78.8,0,0,0,,,,,13,355.4,1011.9,72.4,11.7,215,18.6,7,,2021-12-20T06:10:49,2021-12-20T17:42:12,0.53,Partially cloudy,Partly cloudy throughout the day.,partly-cloudy-day,"48907099999,VVCT,48912599999"
Thoai Son,2021-12-21,31,21,25.7,35.5,21,27.1,22.3,82.7,0.1,100,4.17,rain,,,,13,59,1011.8,60.6,10.9,241,20.8,8,,2021-12-21T06:11:19,2021-12-21T17:42:41,0.57,"Rain, Partially cloudy",Partly cloudy throughout the day with late afternoon rain.,rain,"48907099999,VVCT,48912599999"
Thoai Son,2021-12-22,30,23,26.3,35.1,23,27.9,23.7,86.7,0.1,100,4.17,rain,,,,18.4,85.4,1011.3,68.2,11,99.1,8.6,4,,2021-12-22T06:11:49,2021-12-22T17:43:11,0.6,"Rain, Partially cloudy",Partly cloudy throughout the day with late afternoon rain.,rain,"48907099999,VVCT,48912599999"
Thoai Son,2021-12-23,29,24,26.3,32.7,24,27.3,22.8,82.3,3,100,4.17,rain,,,,22.3,80.9,1011,83.3,11.5,162.7,14.1,7,,2021-12-23T06:12:18,2021-12-23T17:43:41,0.64,"Rain, Partially cloudy",Partly cloudy throughout the day with early morning rain.,rain,"48907099999,VVCT,48912599999"
Thoai Son,2021-12-24,29.1,23.9,26,33,23.9,27.4,23.2,85.1,0.5,100,4.17,rain,,,,16.6,82.8,1010.9,59.6,11.1,182.4,15.8,8,,2021-12-24T06:12:47,2021-12-24T17:44:12,0.67,"Rain, Partially cloudy",Partly cloudy throughout the day with early morning rain.,rain,"48907099999,VVCT,48912599999,remote"
Thoai Son,2021-12-25,31,23,26.2,35.4,23,27.7,22.6,82.3,0.5,100,4.17,rain,,,,22.3,74.6,1011.6,50.6,11.8,239.7,20.8,8,,2021-12-25T06:13:16,2021-12-25T17:44:43,0.71,"Rain, Partially cloudy",Partly cloudy throughout the day with late afternoon rain.,rain,"48907099999,VVCT,48912599999,remote"
Thoai Son,2021-12-26,31,22,26.4,35.5,22,28.3,23.2,83.6,0,0,0,,,,,13,41.9,1012.5,42.1,11.5,213.5,18.3,8,,2021-12-26T06:13:44,2021-12-26T17:45:14,0.74,Partially cloudy,Partly cloudy throughout the day.,partly-cloudy-day,"48907099999,VVCT,48912599999"
Thoai Son,2021-12-27,30.5,23,26.4,35.3,23,27.9,23.8,87.1,0.5,100,20.83,rain,,,,11.2,79.2,1012.9,60.2,11.4,219.5,18.9,8,,2021-12-27T06:14:12,2021-12-27T17:45:46,0.75,"Rain, Partially cloudy",Partly cloudy throughout the day with rain.,rain,"48907099999,VVCT,48912599999"
Thoai Son,2021-12-28,30,23,26.3,35.1,23,27.9,24,88.2,4,100,4.17,rain,,,,11.2,61.6,1012.3,61.5,11.3,240,20.7,9,,2021-12-28T06:14:39,2021-12-28T17:46:18,0.81,"Rain, Partially cloudy",Partly cloudy throughout the day with late afternoon rain.,rain,"48907099999,VVCT,48912599999,remote"
Thoai Son,2021-12-29,30,23,26.2,35.1,23,27.7,23.6,86.5,0.6,100,8.33,rain,,,,11.2,58.1,1012.1,58.6,11.3,216.4,18.6,8,,2021-12-29T06:15:05,2021-12-29T17:46:50,0.84,"Rain, Partially cloudy",Partly cloudy throughout the day with rain.,rain,"48907099999,VVCT,48912599999"
Thoai Son,2021-12-30,29.5,23,25.7,32.3,23,26.6,21.4,78,0.5,100,4.17,rain,,,,17.4,29.6,1013,56.2,11.3,224.4,19.5,8,,2021-12-30T06:15:31,2021-12-30T17:47:22,0.88,"Rain, Partially cloudy",Partly cloudy throughout the day with early morning rain.,rain,"48907099999,VVCT,48912599999"
Thoai Son,2021-12-31,29.3,21,25.4,31.1,21,26.1,20.1,73.5,0,0,0,,,,,14.8,41.2,1013,39.6,11.7,243,21.2,9,,2021-12-31T06:15:56,2021-12-31T17:47:54,0.91,Partially cloudy,Partly cloudy throughout the day.,partly-cloudy-day,"48907099999,VVCT,48912599999"
Thoai Son,2022-01-01,30,21,25.6,32.6,21,26.5,20.9,75.8,0,0,0,,,,,9.4,45.8,1012.9,44,11.9,250.1,21.6,9,,2022-01-01T06:16:21,2022-01-01T17:48:26,0.95,Partially cloudy,Partly cloudy throughout the day.,partly-cloudy-day,"48907099999,VVCT,48912599999"
Thoai Son,2022-01-02,30,24,26.6,34.1,24,28.1,22.3,77.7,0,0,0,,,,,10.1,29.6,1012.2,39.1,11.7,247.7,21.5,9,,2022-01-02T06:16:45,2022-01-02T17:48:59,0.98,Partially cloudy,Partly cloudy throughout the day.,partly-cloudy-day,"48907099999,VVCT,48912599999"
Thoai Son,2022-01-03,30,24,26.3,33.3,24,27.3,22.8,81.5,0,0,0,,,,,11.6,63.1,1011.4,58.7,11.7,204.7,17.7,8,,2022-01-03T06:17:08,2022-01-03T17:49:31,0,Partially cloudy,Partly cloudy throughout the day.,partly-cloudy-day,"48907099999,VVCT,48912599999"
Thoai Son,2022-01-04,30.3,23,26.3,34.1,23,27.7,22.8,82.2,0,0,0,,,,,16.6,63.3,1011.6,56,11.8,225.9,19.4,8,,2022-01-04T06:17:31,2022-01-04T17:50:04,0.05,Partially cloudy,Partly cloudy throughout the day.,partly-cloudy-day,"48907099999,VVCT,48912599999"
Thoai Son,2022-01-05,30.1,24,26.6,35,24,28.3,23,81.2,0,0,0,,,,,16.6,75.1,1011.3,52.4,11.7,186.8,16.3,7,,2022-01-05T06:17:52,2022-01-05T17:50:36,0.08,Partially cloudy,Partly cloudy throughout the day.,partly-cloudy-day,"48907099999,VVCT,48912599999"
Thoai Son,2022-01-06,31,24,26.5,36.5,24,28,23.3,82.9,0,0,0,,,,,64.8,174.6,1011.8,49.7,11.7,187.9,16.2,7,,2022-01-06T06:18:13,2022-01-06T17:51:09,0.11,Partially cloudy,Partly cloudy throughout the day.,wind,"48907099999,VVCT,48912599999"
Thoai Son,2022-01-07,31,24.6,26.8,36.5,24.6,28.6,23.2,81.3,0.3,100,12.5,rain,,,,16.6,82,1012.3,49,11.1,236.2,20.4,8,,2022-01-07T06:18:33,2022-01-07T17:51:41,0.15,"Rain, Partially cloudy",Partly cloudy throughout the day with late afternoon rain.,rain,"48907099999,VVCT,48912599999"
Thoai Son,2022-01-08,31,23,26.8,35,23,28.4,22.4,77.7,6,100,4.17,rain,,,,7.6,71.5,1012,45.6,11,241.2,20.8,9,,2022-01-08T06:18:53,2022-01-08T17:52:13,0.18,"Rain, Partially cloudy",Partly cloudy throughout the day with early morning rain.,rain,"48907099999,VVCT,48912599999"
Thoai Son,2022-01-09,31,22,26.8,34.6,22,28.3,22.2,77.3,0,0,0,,,,,11.2,81.8,1011,41.5,11.7,253.3,21.9,9,,2022-01-09T06:19:11,2022-01-09T17:52:45,0.21,Partially cloudy,Partly cloudy throughout the day.,partly-cloudy-day,"48907099999,VVCT,48912599999"
Thoai Son,2022-01-10,31,24,26.8,35.5,24,28.3,22.5,78.2,0,0,0,,0,0,31.3,16.6,92.2,1011.7,42.4,11.7,238.5,20.5,8,10,2022-01-10T06:19:29,2022-01-10T17:53:17,0.25,Partially cloudy,Partly cloudy throughout the day.,partly-cloudy-day,"48907099999,VVCT,48912599999"
Thoai Son,2022-01-11,31,23,26.5,35.5,23,28.2,21.8,75.9,0,0,0,,0,0,37.1,18.4,89.4,1012.5,47.1,11.8,208.6,18.2,8,10,2022-01-11T06:19:45,2022-01-11T17:53:49,0.28,Partially cloudy,Partly cloudy throughout the day.,partly-cloudy-day,"48907099999,VVCT,48912599999"
Thoai Son,2022-01-12,30.1,21,25.5,32.3,21,26.1,20.2,73.9,0.1,100,4.17,rain,0,0,40.3,20.5,85.5,1012.9,48.4,12.2,257.8,22.5,8,10,2022-01-12T06:20:01,2022-01-12T17:54:20,0.31,"Rain, Partially cloudy",Partly cloudy throughout the day with afternoon rain.,rain,"48907099999,VVCT,48912599999,remote"
Thoai Son,2022-01-13,29.3,22.8,25.5,32.1,22.8,26.4,21.3,78.6,0.1,100,4.17,rain,0,0,35.3,13,75.2,1013.1,50.3,11.4,247.2,21.7,8,10,2022-01-13T06:20:16,2022-01-13T17:54:51,0.34,"Rain, Partially cloudy",Partly cloudy throughout the day with morning rain.,rain,"48907099999,VVCT,48912599999"
Thoai Son,2022-01-14,31,20.8,25.5,32.5,20.8,26.1,19.8,72.7,0,0,0,,0,0,25.2,13,65.2,1013,33.8,12.4,264.8,23.1,8,10,2022-01-14T06:20:30,2022-01-14T17:55:22,0.38,Partially cloudy,Partly cloudy throughout the day.,partly-cloudy-day,"48907099999,VVCT,48912599999,remote"
Thoai Son,2022-01-15,30.3,21,25.5,32.3,21,26.2,20.1,73.6,0,0,0,,0,0,27,11.2,74.8,1012.5,37.6,11.7,258.3,22.5,8,10,2022-01-15T06:20:43,2022-01-15T17:55:53,0.41,Partially cloudy,Partly cloudy throughout the day.,partly-cloudy-day,"48907099999,VVCT,48912599999"
Thoai Son,2022-01-16,31,22,25.9,32.4,22,26.6,20.2,72.5,0,0,0,,0,0,30.2,18.4,83.5,1012.3,36.2,11.7,267.7,23.3,8,10,2022-01-16T06:20:55,2022-01-16T17:56:23,0.44,Partially cloudy,Partly cloudy throughout the day.,partly-cloudy-day,"48907099999,VVCT,48912599999"
Thoai Son,2022-01-17,30,22,26,33,22,27.3,21.4,76.4,0,0,0,,0,0,32.8,11.2,92.4,1012.3,54.1,11.1,227.4,19.7,8,10,2022-01-17T06:21:06,2022-01-17T17:56:52,0.47,Partially cloudy,Partly cloudy throughout the day.,partly-cloudy-day,"48907099999,VVCT,48912599999"
Thoai Son,2022-01-18,31,23,26.3,34.6,23,27.7,21.9,77.5,0,0,0,,0,0,33.8,13,78.5,1011.5,39.1,10.7,258.4,22.6,8,10,2022-01-18T06:21:16,2022-01-18T17:57:22,0.5,Partially cloudy,Partly cloudy throughout the day.,partly-cloudy-day,"48907099999,VVCT,48912599999"
Thoai Son,2022-01-19,30,23,25.9,32.1,23,26.8,21.5,77.9,0,0,0,,0,0,27.7,12.8,70,1010.8,46,10.4,263.5,22.9,8,10,2022-01-19T06:21:25,2022-01-19T17:57:51,0.54,Partially cloudy,Partly cloudy throughout the day.,partly-cloudy-day,"48907099999,VVCT,48912599999"
Thoai Son,2022-01-20,31,21,25.7,33.7,21,26.8,21.4,78.8,0,0,0,,0,0,19.1,13,79.1,1010.3,41.4,10.8,265.7,23.1,8,10,2022-01-20T06:21:32,2022-01-20T17:58:19,0.58,Partially cloudy,Partly cloudy throughout the day.,partly-cloudy-day,"48907099999,VVCT,48912599999"
Thoai Son,2022-01-21,31.1,22,26.5,34.6,22,27.8,21.6,75.8,0,0,0,rain,0,0,31,18.4,100.7,1010.7,34.7,10.7,272.1,23.6,8,10,2022-01-21T06:21:39,2022-01-21T17:58:47,0.61,Partially cloudy,Partly cloudy throughout the day.,partly-cloudy-day,"48907099999,VVCT,48912599999"
Thoai Son,2022-01-22,31.2,21,26.1,34.5,21,27.2,21.4,76.9,0,0,0,rain,0,0,25.6,16.6,127.9,1009.8,37.9,11.9,273.2,23.8,8,10,2022-01-22T06:21:45,2022-01-22T17:59:15,0.65,Partially cloudy,Partly cloudy throughout the day.,partly-cloudy-day,"48907099999,VVCT,48912599999,remote"
Thoai Son,2022-01-23,31,22,26.1,35.4,22,27.6,22.9,84.3,0,0,0,,0,0,25.2,9.2,153.5,1009.8,43.6,10.7,232,20.2,8,10,2022-01-23T06:21:50,2022-01-23T17:59:42,0.68,Partially cloudy,Partly cloudy throughout the day.,partly-cloudy-day,"48907099999,VVCT,48912599999"
Thoai Son,2022-01-24,31.8,23,26.8,36.1,23,28.3,22.9,81,0,0,0,,0,0,22,9.4,132,1009.6,49.4,11,272.4,23.8,9,10,2022-01-24T06:21:54,2022-01-24T18:00:08,0.72,Partially cloudy,Partly cloudy throughout the day.,partly-cloudy-day,"48907099999,VVCT,48912599999"
Thoai Son,2022-01-25,30.5,23,26.3,35,23,28.1,23.2,84,0,0,0,,0,0,30.2,14.8,104.7,1010.1,46.1,10.5,239.7,20.8,8,10,2022-01-25T06:21:57,2022-01-25T18:00:34,0.75,Partially cloudy,Partly cloudy throughout the day.,partly-cloudy-day,"48907099999,VVCT,48912599999"
Thoai Son,2022-01-26,31,22,26.3,36.5,22,28.3,23.2,83.9,0,0,0,,0,0,28.1,14.8,115.7,1010.3,41,11.7,251,21.9,8,10,2022-01-26T06:21:59,2022-01-26T18:00:59,0.79,Partially cloudy,Partly cloudy throughout the day.,partly-cloudy-day,"48907099999,VVCT,48912599999,remote"
Thoai Son,2022-01-27,32,23,26.6,35.8,23,28.2,23,82.3,0,0,0,,0,0,32.4,9.4,135.6,1010,50.2,10.7,262.8,22.8,8,10,2022-01-27T06:21:59,2022-01-27T18:01:24,0.82,Partially cloudy,Partly cloudy throughout the day.,partly-cloudy-day,"48907099999,VVCT,48912599999"
Thoai Son,2022-01-28,30,23,25.8,34.1,23,27.1,23.3,86.8,0,0,0,,0,0,23.4,9.1,221.3,1010.6,40.5,10.1,251.2,21.9,9,10,2022-01-28T06:21:59,2022-01-28T18:01:48,0.86,Partially cloudy,Partly cloudy throughout the day.,partly-cloudy-day,"48907099999,VVCT,48912599999"
Thoai Son,2022-01-29,32,23,26.7,37.9,23,28.8,23.7,85.1,0,0,0,,0,0,28.4,11.2,204.6,1010,50,11,181.5,15.7,8,10,2022-01-29T06:21:58,2022-01-29T18:02:12,0.89,Partially cloudy,Partly cloudy throughout the day.,partly-cloudy-day,"48907099999,VVCT,48912599999"
Thoai Son,2022-01-30,31,23,27,36.5,23,29,23.6,82.6,0.2,100,4.17,rain,0,0,22.7,11.2,165,1010.3,48.2,11.5,230.5,19.9,8,10,2022-01-30T06:21:55,2022-01-30T18:02:35,0.93,"Rain, Partially cloudy",Partly cloudy throughout the day with late afternoon rain.,rain,"48907099999,VVCT,48912599999,remote"
Thoai Son,2022-01-31,31,22,26.3,34.6,22,27.7,22.3,80.3,0,0,0,,0,0,37.8,22.3,102.9,1010.4,42.8,10.7,278.4,24.2,9,10,2022-01-31T06:21:52,2022-01-31T18:02:57,0.96,Partially cloudy,Partly cloudy throughout the day.,partly-cloudy-day,"48907099999,VVCT,48912599999"
Thoai Son,2022-02-01,31,23,26.8,35.5,23,28.3,22.3,77.7,0,0,0,,0,0,41,20.5,106.8,1010.4,34.5,11.7,278.3,24.2,9,10,2022-02-01T06:21:47,2022-02-01T18:03:19,0,Partially cloudy,Partly cloudy throughout the day.,partly-cloudy-day,"48907099999,VVCT,48912599999"
Thoai Son,2022-02-02,32,23,27,35.7,23,28.4,21.8,74.6,0,0,0,,0,0,36.4,24.1,113,1011.2,37.1,11.8,281.5,24.5,9,10,2022-02-02T06:21:42,2022-02-02T18:03:40,0.03,Partially cloudy,Clearing in the afternoon.,partly-cloudy-day,"48907099999,VVCT,48912599999"
Thoai Son,2022-02-03,32,23,27.3,37.2,23,29.1,22.7,77.8,0,0,0,,0,0,45.4,22.3,92.5,1010.8,43.7,11.6,226.1,19.9,8,10,2022-02-03T06:21:35,2022-02-03T18:04:01,0.06,Partially cloudy,Partly cloudy throughout the day.,partly-cloudy-day,"48907099999,VVCT,48912599999"
Thoai Son,2022-02-04,32,24,27.2,36.2,24,28.9,22.7,77.7,0.1,100,4.17,rain,0,0,41.8,16.6,75,1010.1,43.8,11.7,207.8,18.2,9,30,2022-02-04T06:21:28,2022-02-04T18:04:21,0.1,"Rain, Partially cloudy",Partly cloudy throughout the day with late afternoon rain.,rain,"48907099999,VVCT,48912599999"
Thoai Son,2022-02-05,32,23,26.9,35.6,23,28.4,22.5,78.8,0,0,0,,0,0,33.5,14.8,64.5,1010.5,41.2,11.7,275.9,23.9,9,10,2022-02-05T06:21:19,2022-02-05T18:04:40,0.13,Partially cloudy,Partly cloudy throughout the day.,partly-cloudy-day,"48907099999,VVCT,48912599999"
Thoai Son,2022-02-06,31,23,27,34.8,23,28.6,22.3,76.8,0,0,0,,0,0,28.1,20.5,49.3,1010.9,50.6,11.7,225.1,19.7,8,10,2022-02-06T06:21:10,2022-02-06T18:04:59,0.16,Partially cloudy,Partly cloudy throughout the day.,partly-cloudy-day,"48907099999,VVCT,48912599999"
Thoai Son,2022-02-07,31.3,23,27.3,36.2,23,29.5,23,78.5,0,0,0,,0,0,31.3,16.6,84.3,1010.7,49.7,12.1,160.5,14.2,7,10,2022-02-07T06:20:59,2022-02-07T18:05:16,0.19,Partially cloudy,Partly cloudy throughout the day.,partly-cloudy-day,"48907099999,VVCT,48912599999,remote"
Thoai Son,2022-02-08,32,24,27.5,35.9,24,29.4,23.1,78.2,0.7,100,12.5,rain,0,0,46.4,18.4,87.4,1010.4,46.6,11.1,151.1,13.3,6,10,2022-02-08T06:20:48,2022-02-08T18:05:34,0.25,"Rain, Partially cloudy",Partly cloudy throughout the day with rain.,rain,"48907099999,VVCT,48912599999"
Thoai Son,2022-02-09,32,24,27.3,35.8,24,28.9,22.7,77,0,0,0,,0,0,47.5,20.5,87.4,1010.3,48.9,11.8,256.2,22.3,8,10,2022-02-09T06:20:36,2022-02-09T18:05:50,0.26,Partially cloudy,Partly cloudy throughout the day.,partly-cloudy-day,"48907099999,VVCT,48912599999"
Thoai Son,2022-02-10,32,25,27.5,36.8,25,29.3,22.7,76,0.8,100,4.17,rain,0,0,47.5,20.5,82.1,1009.7,45.2,11.3,227.2,19.9,8,10,2022-02-10T06:20:22,2022-02-10T18:06:06,0.29,"Rain, Partially cloudy",Partly cloudy throughout the day with late afternoon rain.,rain,"48907099999,VVCT,48912599999"
Thoai Son,2022-02-11,32,24,27.1,35.8,24,28.6,22.4,76.8,0.1,100,4.17,rain,0,0,41.8,22.3,78.8,1009,68.9,11.7,206.3,17.9,8,10,2022-02-11T06:20:08,2022-02-11T18:06:22,0.32,"Rain, Partially cloudy",Partly cloudy throughout the day with afternoon rain.,rain,"48907099999,VVCT,48912599999"
Thoai Son,2022-02-12,30.6,23,26.6,36,23,28.2,22.6,79.5,0.5,100,12.5,rain,0,0,40.7,18.4,67.5,1008.1,40.8,11.2,150.4,13.3,6,10,2022-02-12T06:19:53,2022-02-12T18:06:37,0.35,"Rain, Partially cloudy",Partly cloudy throughout the day with rain.,rain,"48907099999,VVCT,48912599999"
Thoai Son,2022-02-13,31.4,24,27.1,35.4,24,28.8,22.4,76.7,0,0,0,rain,0,0,38.9,24.1,86,1007.2,53.4,12.3,165.3,14.5,8,10,2022-02-13T06:19:37,2022-02-13T18:06:51,0.39,Partially cloudy,Partly cloudy throughout the day.,partly-cloudy-day,"48907099999,VVCT,48912599999,remote"
Thoai Son,2022-02-14,33,23.6,27.7,38.1,23.6,29.9,23,76.9,0.3,100,4.17,rain,0,0,46.4,25.9,94.6,1007.9,40.6,12.3,168.9,14.8,7,10,2022-02-14T06:19:20,2022-02-14T18:07:04,0.42,"Rain, Partially cloudy",Partly cloudy throughout the day with afternoon rain.,rain,"48907099999,VVCT,48912599999,remote"
Thoai Son,2022-02-15,32.3,24,27.5,36.8,24,29.1,22.4,75.2,0.1,100,4.17,rain,0,0,43.9,25.9,90.8,1008.3,46.8,11.7,187.3,16.3,8,10,2022-02-15T06:19:02,2022-02-15T18:07:17,0.45,"Rain, Partially cloudy",Partly cloudy throughout the day with afternoon rain.,rain,"48907099999,VVCT,48912599999"
Thoai Son,2022-02-16,31.1,25,27.1,35.8,25,28.8,23.2,80,0.8,100,4.17,rain,0,0,36.4,19.2,92.4,1008,60.3,11.7,160.1,13.8,8,10,2022-02-16T06:18:43,2022-02-16T18:07:29,0.5,"Rain, Partially cloudy",Partly cloudy throughout the day with afternoon rain.,rain,"48907099999,VVCT,48912599999"
Thoai Son,2022-02-17,32,24,27.2,36.3,24,29.1,23.1,79.7,0.2,100,4.17,rain,0,0,33.5,16.6,104.5,1007.8,50.4,11.5,174.2,15.4,9,10,2022-02-17T06:18:24,2022-02-17T18:07:41,0.52,"Rain, Partially cloudy",Partly cloudy throughout the day with late afternoon rain.,rain,"48907099999,VVCT,48912599999"
Thoai Son,2022-02-18,32,24,27.2,36.8,24,29,23.2,80.2,0,0,0,,0,0,34.2,18.4,105.3,1008.6,52.6,11.7,285.8,25,9,10,2022-02-18T06:18:03,2022-02-18T18:07:52,0.55,Partially cloudy,Partly cloudy throughout the day.,partly-cloudy-day,"48907099999,VVCT,48912599999"
Thoai Son,2022-02-19,32.3,22,27.2,36.8,22,29.1,22.9,79.6,0,0,0,,0,0,25.9,13,129.9,1010,54.4,11.2,285.2,24.9,9,10,2022-02-19T06:17:42,2022-02-19T18:08:02,0.59,Partially cloudy,Partly cloudy throughout the day.,partly-cloudy-day,"48907099999,VVCT,48912599999"
Thoai Son,2022-02-20,32,23,27,36.8,23,29.1,23.3,81.5,0.3,100,8.33,rain,0,0,33.5,13,119.3,1009.5,53.9,11.3,229.8,20.1,8,30,2022-02-20T06:17:20,2022-02-20T18:08:12,0.62,"Rain, Partially cloudy",Partly cloudy throughout the day with rain.,rain,"48907099999,VVCT,48912599999"
Thoai Son,2022-02-21,32,24,27.7,36.8,24,29.5,22.8,75.8,0,0,0,,0,0,34.9,18.2,110.2,1010.3,41.4,11.7,166.9,14.7,8,10,2022-02-21T06:16:58,2022-02-21T18:08:22,0.66,Partially cloudy,Partly cloudy throughout the day.,partly-cloudy-day,"48907099999,VVCT,48912599999"
Thoai Son,2022-02-22,31,23,25.9,36.5,23,27.2,23.1,85.3,5,100,4.17,rain,0,0,25.9,12.6,40.6,1011.6,62.7,11.6,253,22.2,9,30,2022-02-22T06:16:34,2022-02-22T18:08:30,0.7,"Rain, Partially cloudy",Partly cloudy throughout the day with late afternoon rain.,rain,"48907099999,VVCT,48912599999"
Thoai Son,2022-02-23,32,23,26,37.9,23,27.5,23.3,86.3,5.1,100,8.33,rain,0,0,32.4,12.8,21.3,1012.1,56.8,10.4,249.4,21.8,9,10,2022-02-23T06:16:10,2022-02-23T18:08:39,0.73,"Rain, Partially cloudy",Partly cloudy throughout the day with rain.,rain,"48907099999,VVCT,48912599999"
Thoai Son,2022-02-24,30,23,25.8,33.3,23,26.8,22.4,82.7,2,100,4.17,rain,0,0,33.8,16.6,24.1,1012.4,59.6,10.3,215.4,18.9,8,10,2022-02-24T06:15:45,2022-02-24T18:08:46,0.75,"Rain, Partially cloudy",Partly cloudy throughout the day with early morning rain.,rain,"48907099999,VVCT,48912599999"
Thoai Son,2022-02-25,30,22,26.2,32.6,22,27.3,20.7,72.1,0.2,100,4.17,rain,0,0,41.4,13.4,36.8,1012.2,61.2,11.2,172,15.1,6,10,2022-02-25T06:15:20,2022-02-25T18:08:53,0.8,"Rain, Partially cloudy",Partly cloudy throughout the day with late afternoon rain.,rain,"48907099999,VVCT,48912599999"
Thoai Son,2022-02-26,33,23,27.4,35.3,23,28.4,20.8,69,0,0,0,,0,0,50,31.7,66.9,1011.8,59,11.2,220,19.3,7,10,2022-02-26T06:14:54,2022-02-26T18:09:00,0.84,Partially cloudy,Partly cloudy throughout the day.,partly-cloudy-day,"48907099999,VVCT,48912599999"
Thoai Son,2022-02-27,33,24,27.9,35.4,24,29.3,21.5,69.8,0,0,0,,0,0,45.4,31.7,87.5,1011.3,48.7,11.8,239,20.8,9,10,2022-02-27T06:14:27,2022-02-27T18:09:06,0.87,Partially cloudy,Partly cloudy throughout the day.,partly-cloudy-day,"48907099999,VVCT,48912599999"
Thoai Son,2022-02-28,33,24,27.8,37,24,29.4,22,71.9,0,0,0,,0,0,41.8,22.3,84.3,1011.1,41.4,11.7,290,25.1,9,10,2022-02-28T06:13:59,2022-02-28T18:09:12,0.91,Partially cloudy,Partly cloudy throughout the day.,partly-cloudy-day,"48907099999,VVCT,48912599999"
Thoai Son,2022-03-01,33,25,28.1,36.1,25,29.8,22,71.1,0,0,0,,0,0,42.1,24.1,98.9,1010.7,46.9,11.7,101.1,7.9,6,10,2022-03-01T06:13:31,2022-03-01T18:09:17,0.95,Partially cloudy,Partly cloudy throughout the day.,partly-cloudy-day,"48907099999,VVCT,48912599999"
Thoai Son,2022-03-02,33,25,28,37,25,30,22.2,71.6,22,100,4.17,rain,0,0,36.4,18.4,83,1010.5,61.9,11.3,154.2,11.1,6,10,2022-03-02T06:13:03,2022-03-02T18:09:22,0.98,"Rain, Partially cloudy",Partly cloudy throughout the day with late afternoon rain.,rain,"48907099999,VVCT,48912599999"
Thoai Son,2022-03-03,32,24,27.4,37.1,24,29.5,23,77.6,0.1,100,4.17,rain,0,0,30.6,11.2,88.3,1010.1,50.9,11,184.8,13.2,7,10,2022-03-03T06:12:34,2022-03-03T18:09:26,0,"Rain, Partially cloudy",Partly cloudy throughout the day with early morning rain.,rain,"48907099999,VVCT,48912599999"
Thoai Son,2022-03-04,33,23.1,27.8,38.1,23.1,30,22.8,75.6,2,100,4.17,rain,0,0,25.2,16.6,119.9,1009.5,62.9,10.8,263.4,18.9,9,10,2022-03-04T06:12:04,2022-03-04T18:09:30,0.05,"Rain, Partially cloudy",Partly cloudy throughout the day with late afternoon rain.,rain,"48907099999,VVCT,48912599999"
Thoai Son,2022-03-05,32,24.7,27.8,37.1,24.7,30.3,23.6,78.8,26,100,4.17,rain,0,0,28.4,14.8,115.9,1009.1,62.5,11.3,150.8,10.9,7,10,2022-03-05T06:11:34,2022-03-05T18:09:34,0.08,"Rain, Partially cloudy",Partly cloudy throughout the day with late afternoon rain.,rain,"48907099999,VVCT,48912599999"
Thoai Son,2022-03-06,32.3,25,27.9,37.4,25,30.2,23.4,77.9,0,0,0,,0,0,36,22.3,97.8,1009,57.3,12,288.5,20.9,9,10,2022-03-06T06:11:03,2022-03-06T18:09:37,0.11,Partially cloudy,Partly cloudy throughout the day.,partly-cloudy-day,"48907099999,VVCT,48912599999"
Thoai Son,2022-03-07,33,24,27.7,38.1,24,29.8,23.6,80.1,0.4,100,8.33,rain,0,0,44.3,16.6,101.3,1009.5,59.2,11.3,290,22.1,9,30,2022-03-07T06:10:32,2022-03-07T18:09:39,0.14,"Rain, Partially cloudy",Partly cloudy throughout the day with early morning rain.,rain,"48907099999,VVCT,48912599999"
Thoai Son,2022-03-08,32.6,24,27.5,34.9,24,28.6,21.7,72.7,0,0,0,,0,0,44.3,22.3,90.4,1009.6,39,11.7,313.7,27.1,9,10,2022-03-08T06:10:01,2022-03-08T18:09:42,0.18,Partially cloudy,Partly cloudy throughout the day.,partly-cloudy-day,"48907099999,VVCT,48912599999"
Thoai Son,2022-03-09,32.1,24,27.3,37.2,24,29.1,22.4,75.9,0,0,0,,0,0,35.3,16.6,104.3,1009.2,46.3,11.7,282.4,24.3,8,10,2022-03-09T06:09:29,2022-03-09T18:09:44,0.21,Partially cloudy,Partly cloudy throughout the day.,partly-cloudy-day,"48907099999,VVCT,48912599999"
Thoai Son,2022-03-10,29,23,26,32.2,23,27.1,21.7,77.7,0,0,0,,0,0,30.2,14.8,139.6,1009.1,52,11.4,249.6,21.4,9,10,2022-03-10T06:08:56,2022-03-10T18:09:46,0.25,Partially cloudy,Partly cloudy throughout the day.,partly-cloudy-day,"48907099999,VVCT,48912599999"
Thoai Son,2022-03-11,33,22,26.9,37,22,28.9,22.6,78.7,0,0,0,,0,0,24.8,13,163,1007.8,41.3,11.6,282.4,24.5,9,10,2022-03-11T06:08:24,2022-03-11T18:09:47,0.27,Partially cloudy,Partly cloudy throughout the day.,partly-cloudy-day,"48907099999,VVCT,48912599999"
Thoai Son,2022-03-12,32,23,27,36.8,23,28.7,23.5,82.2,0,0,0,,0,0,23.8,14.8,190,1007.4,42.5,10.6,222.4,19.3,9,30,2022-03-12T06:07:51,2022-03-12T18:09:48,0.3,Partially cloudy,Partly cloudy throughout the day.,partly-cloudy-day,"48907099999,VVCT,48912599999"
Thoai Son,2022-03-13,32.4,24,27.9,38.3,24,30.6,23.7,79.6,0.1,100,4.17,rain,0,0,180,27.7,87.8,1007.3,45.5,11.2,174,14.9,6,10,2022-03-13T06:07:18,2022-03-13T18:09:49,0.34,"Rain, Partially cloudy",Partly cloudy throughout the day with afternoon rain.,rain,"48907099999,VVCT,48912599999"
Thoai Son,2022-03-14,33,25,28.2,39.3,25,31,24,79.6,0.4,100,4.17,rain,0,0,37.8,14.8,99.7,1008.1,56.6,11.7,180,15.4,6,30,2022-03-14T06:06:44,2022-03-14T18:09:50,0.37,"Rain, Partially cloudy",Partly cloudy throughout the day with late afternoon rain.,rain,"48907099999,VVCT,48912599999"
Thoai Son,2022-03-15,33,25,28.2,39.2,25,31,24.1,79.8,0.5,100,4.17,rain,0,0,31.7,14.8,118.4,1007.3,68.3,11.8,292.4,25.4,9,30,2022-03-15T06:06:10,2022-03-15T18:09:50,0.4,"Rain, Partially cloudy",Partly cloudy throughout the day with late afternoon rain.,rain,"48907099999,VVCT,48912599999"
Thoai Son,2022-03-16,32,24,27.5,37.9,24,29.9,23.9,82,0.4,100,8.33,rain,0,0,29.2,14.8,129.1,1007.5,53,11.3,149.6,12.9,7,10,2022-03-16T06:05:36,2022-03-16T18:09:50,0.43,"Rain, Partially cloudy",Partly cloudy throughout the day with afternoon rain.,rain,"48907099999,VVCT,48912599999"
Thoai Son,2022-03-17,33,24,28.1,38.1,24,30.7,23.7,78.6,0,0,0,,0,0,25.9,13.7,112.1,1007.4,44.6,11,309.1,26.6,9,10,2022-03-17T06:05:02,2022-03-17T18:09:50,0.46,Partially cloudy,Partly cloudy throughout the day.,partly-cloudy-day,"48907099999,VVCT,48912599999"
Thoai Son,2022-03-18,34,24,27.9,40.6,24,30.8,24.6,84,0.1,100,4.17,rain,0,0,29.5,9.8,196.8,1007.3,49.7,11.2,219.6,18.9,8,10,2022-03-18T06:04:27,2022-03-18T18:09:50,0.5,"Rain, Partially cloudy",Partly cloudy throughout the day with late afternoon rain.,rain,"48907099999,VVCT,48912599999"
Thoai Son,2022-03-19,34,24,28.2,40.6,24,31.1,24.4,81.5,10,100,4.17,rain,0,0,30.6,16.6,118.9,1006.8,47,10.6,295.8,25.4,9,10,2022-03-19T06:03:52,2022-03-19T18:09:50,0.53,"Rain, Partially cloudy",Partly cloudy throughout the day with late afternoon rain.,rain,"48907099999,VVCT,48912599999"
Thoai Son,2022-03-20,32.7,24,28.3,38,24,31.3,24.3,80.7,0.1,100,4.17,rain,0,0,32.4,22.3,83.9,1007.9,54.6,10.9,203.5,17.6,7,30,2022-03-20T06:03:18,2022-03-20T18:09:49,0.57,"Rain, Partially cloudy",Partly cloudy throughout the day with late afternoon rain.,rain,"48907099999,VVCT,48912599999"
Thoai Son,2022-03-21,32,24,26.9,37.9,24,28.8,24.5,88.1,33,100,4.17,rain,0,0,27.4,25.9,119.5,1009.3,71.7,10.7,150,12.9,7,10,2022-03-21T06:02:43,2022-03-21T18:09:49,0.6,"Rain, Partially cloudy",Partly cloudy throughout the day with late afternoon rain.,rain,"48907099999,VVCT,48912599999"
Thoai Son,2022-03-22,31,24,25.7,37.7,24,27,24.5,93.9,27,100,8.33,rain,0,0,23,16.6,105.7,1010,67.9,9.9,134.1,11.5,7,30,2022-03-22T06:02:08,2022-03-22T18:09:48,0.64,"Rain, Partially cloudy",Partly cloudy throughout the day with rain.,rain,"48907099999,VVCT,48912599999"
Thoai Son,2022-03-23,33,23,27,39.8,23,29.6,24.5,87.6,2,100,4.17,rain,0,0,22,11.2,130.9,1009.7,60.4,10.6,288.7,25.1,10,30,2022-03-23T06:01:32,2022-03-23T18:09:47,0.68,"Rain, Partially cloudy",Partly cloudy throughout the day with late afternoon rain.,rain,"48907099999,VVCT,48912599999"
Thoai Son,2022-03-24,33,24,28.2,38.5,24,31.3,24.1,80.3,0.2,100,8.33,rain,0,0,23.4,16.6,113,1009.3,43.1,11.2,233.5,20.3,10,30,2022-03-24T06:00:57,2022-03-24T18:09:46,0.71,"Rain, Partially cloudy",Partly cloudy throughout the day with rain.,rain,"48907099999,VVCT,48912599999"
Thoai Son,2022-03-25,34,24,28.7,39.3,24,32,24.2,79,25,100,8.33,rain,0,0,24.8,16.6,133.1,1009.9,42.7,11.3,195.9,16.8,10,30,2022-03-25T06:00:22,2022-03-25T18:09:45,0.75,"Rain, Partially cloudy",Partly cloudy throughout the day with rain.,rain,"48907099999,VVCT,48912599999"
Thoai Son,2022-03-26,34,24,29,40.6,24,32.5,24.3,78,0,0,0,,0,0,25.6,9.4,109,1010.5,35.7,11.7,311.5,27,10,30,2022-03-26T05:59:47,2022-03-26T18:09:44,0.78,Partially cloudy,Partly cloudy throughout the day.,partly-cloudy-day,"48907099999,VVCT,48912599999"
Thoai Son,2022-03-27,33,25,28.4,40.6,25,32.5,25,82.9,42.4,100,8.33,rain,0,0,25.2,13,225.9,1010.2,49.3,10.7,213.6,18.6,9,30,2022-03-27T05:59:11,2022-03-27T18:09:43,0.82,"Rain, Partially cloudy",Partly cloudy throughout the day with rain.,rain,"48907099999,VVCT,48912599999"
Thoai Son,2022-03-28,34,23,27.6,40.6,23,30.5,24.2,83.5,25,100,12.5,rain,0,0,36,11.2,154.6,1009.9,61.1,10,205.2,17.7,10,60,2022-03-28T05:58:36,2022-03-28T18:09:42,0.85,"Rain, Partially cloudy",Partly cloudy throughout the day with rain.,rain,"48907099999,VVCT,48912599999"
Thoai Son,2022-03-29,32,24,27,37.9,24,29.2,24.2,85.8,1,100,4.17,rain,0,0,26.3,13,83.7,1009.7,66.5,10.1,194,16.9,9,30,2022-03-29T05:58:01,2022-03-29T18:09:42,0.89,"Rain, Partially cloudy",Partly cloudy throughout the day with early morning rain.,rain,"48907099999,VVCT,48912599999"
Thoai Son,2022-03-30,32,24,28,37.1,24,31,24.2,81.2,0.1,100,4.17,rain,0,0,22,13.5,304.4,1008.6,75,10.5,216,18.7,10,30,2022-03-30T05:57:26,2022-03-30T18:09:41,0.93,"Rain, Partially cloudy",Partly cloudy throughout the day with afternoon rain.,rain,"48907099999,VVCT,48912599999"
Thoai Son,2022-03-31,31,24.9,27,39.1,24.9,29.3,24.4,86.3,0.4,100,4.17,rain,0,0,21.6,11.2,229.1,1008.4,71.8,11,162.3,14,9,30,2022-03-31T05:56:51,2022-03-31T18:09:40,0.96,"Rain, Partially cloudy",Partly cloudy throughout the day with morning rain.,rain,"48907099999,VVCT,48912599999"
Thoai Son,2022-04-01,31,23.3,26.1,36.6,23.3,27.2,24.1,89.6,37,100,12.5,rain,0,0,27,14.8,109.9,1009.6,77.8,10.9,204.3,17.7,9,30,2022-04-01T05:56:16,2022-04-01T18:09:39,0,"Rain, Partially cloudy",Partly cloudy throughout the day with a chance of rain throughout the day.,rain,"48907099999,VVCT,48912599999"
Thoai Son,2022-04-02,32,24,27.3,37.6,24,29.3,24.2,84.8,59,100,4.17,rain,0,0,25.2,20.5,81,1010.4,65.1,10.3,187.6,16.3,9,30,2022-04-02T05:55:41,2022-04-02T18:09:38,0.03,"Rain, Partially cloudy",Partly cloudy throughout the day with late afternoon rain.,rain,"48907099999,VVCT,48912599999"
Thoai Son,2022-04-03,29.9,24,26.1,33.7,24,27.4,23.2,85.2,2,100,4.17,rain,0,0,40.7,14.8,8.8,1010.7,69.6,10.7,206.5,17.8,10,10,2022-04-03T05:55:07,2022-04-03T18:09:37,0.06,"Rain, Partially cloudy",Partly cloudy throughout the day with early morning rain.,rain,"48907099999,VVCT,48912599999"
Thoai Son,2022-04-04,29.3,22,25.3,33.1,22,26.4,23.1,88.8,9,100,4.17,rain,0,0,34.2,13,27.2,1012,85.9,10.3,188.9,16.4,9,10,2022-04-04T05:54:33,2022-04-04T18:09:37,0.09,"Rain, Partially cloudy",Partly cloudy throughout the day with early morning rain.,rain,"48907099999,VVCT,48912599999"
Thoai Son,2022-04-05,32,23,26.7,36.8,23,28.3,23.6,84.4,2.3,100,8.33,rain,0,0,32,24.1,44.4,1012,58.1,10.6,166.7,14.3,9,10,2022-04-05T05:53:58,2022-04-05T18:09:37,0.13,"Rain, Partially cloudy",Partly cloudy throughout the day with rain.,rain,"48907099999,VVCT,48912599999"
Thoai Son,2022-04-06,31,24,26.9,36.5,24,28.8,24.2,86.1,5,100,4.17,rain,0,0,29.9,13,218.3,1011.1,64.4,11,291.2,25.1,10,30,2022-04-06T05:53:24,2022-04-06T18:09:36,0.16,"Rain, Partially cloudy",Partly cloudy throughout the day with early morning rain.,rain,"48907099999,VVCT,48912599999"
Thoai Son,2022-04-07,33,24,28,40.6,24,31.2,24.6,83.1,2.6,100,20.83,rain,0,0,22.7,12.2,237.1,1010.1,52.9,11.4,187.1,16.1,9,30,2022-04-07T05:52:51,2022-04-07T18:09:36,0.19,"Rain, Partially cloudy",Partly cloudy throughout the day with rain.,rain,"48907099999,VVCT,48912599999"
Thoai Son,2022-04-08,32,24,27.7,36.5,24,30,23.5,79.9,0.5,100,4.17,rain,0,0,29.2,13.4,239.4,1010,53,11.2,224.9,19.5,10,30,2022-04-08T05:52:17,2022-04-08T18:09:36,0.22,"Rain, Partially cloudy",Partly cloudy throughout the day with early morning rain.,rain,"48907099999,VVCT,48912599999"
Thoai Son,2022-04-09,33,24,27.9,39.3,24,30.7,23.9,80.2,2,100,29.17,rain,0,0,26.3,11.2,203.2,1009.4,46.8,11.4,269.6,23.2,10,10,2022-04-09T05:51:44,2022-04-09T18:09:36,0.25,"Rain, Partially cloudy",Partly cloudy throughout the day with a chance of rain throughout the day.,rain,"48907099999,VVCT,48912599999"
Thoai Son,2022-04-10,32,25,27.9,37.9,25,30.9,24.4,82,0.9,100,16.67,rain,0,0,23.4,14,201.2,1009,55.8,12.1,248.3,21.4,10,10,2022-04-10T05:51:11,2022-04-10T18:09:37,0.29,"Rain, Partially cloudy",Partly cloudy throughout the day with rain.,rain,"48907099999,VVCT,48912599999,remote"
Thoai Son,2022-04-11,30.7,24,27.1,37.7,24,29.3,24.5,86.5,4.4,100,33.33,rain,0,0,27.4,13.7,187.8,1008.7,52.7,11.2,223.6,19.2,9,10,2022-04-11T05:50:39,2022-04-11T18:09:37,0.32,"Rain, Partially cloudy",Partly cloudy throughout the day with a chance of rain throughout the day.,rain,"48907099999,VVCT,48912599999"
Thoai Son,2022-04-12,33,24,28.1,40.6,24,31.5,24.7,83.4,2.8,100,16.67,rain,0,0,27.7,13.9,216.8,1007.9,51.5,10.9,282.5,24.3,10,30,2022-04-12T05:50:07,2022-04-12T18:09:38,0.35,"Rain, Partially cloudy",Partly cloudy throughout the day with a chance of rain throughout the day.,rain,"48907099999,VVCT,48912599999"
Thoai Son,2022-04-13,33,24,28.4,40.6,24,32.5,24.9,82.6,0,0,0,,0,0,25.9,13.7,230.7,1006.7,54.4,11.2,266.6,23.2,10,30,2022-04-13T05:49:35,2022-04-13T18:09:39,0.38,Partially cloudy,Partly cloudy throughout the day.,partly-cloudy-day,"48907099999,VVCT,48912599999"
Thoai Son,2022-04-14,33,25,28.8,42.1,25,33.7,25.4,83.1,0.4,100,8.33,rain,0,0,28.8,15.8,232.4,1006.7,43.5,10.4,204,17.5,9,60,2022-04-14T05:49:04,2022-04-14T18:09:41,0.42,"Rain, Partially cloudy",Partly cloudy throughout the day with rain.,rain,"48907099999,VVCT,48912599999"
Thoai Son,2022-04-15,33,25,28.3,41.3,25,32.7,25,83,1,100,16.67,rain,0,0,27.7,17.5,227.1,1007.4,57.3,10.9,273.5,23.7,10,60,2022-04-15T05:48:33,2022-04-15T18:09:42,0.45,"Rain, Partially cloudy",Partly cloudy throughout the day with rain clearing later.,rain,"48907099999,VVCT,48912599999,remote"
Thoai Son,2022-04-16,31,24,27.1,38.3,24,30.2,24.9,88.3,1,100,4.17,rain,0,0,20.2,15.5,200.4,1007.6,52.1,10.6,164.8,14.2,9,30,2022-04-16T05:48:02,2022-04-16T18:09:44,0.48,"Rain, Partially cloudy",Partly cloudy throughout the day with afternoon rain.,rain,"48907099999,VVCT,48912599999"
Thoai Son,2022-04-17,33.5,24,28.1,38.6,24,31.1,24.1,80.7,6,100,4.17,rain,0,0,30.2,14.8,105.7,1008.1,45,10.7,300,25.8,10,30,2022-04-17T05:47:32,2022-04-17T18:09:46,0.5,"Rain, Partially cloudy",Partly cloudy throughout the day with late afternoon rain.,rain,"48907099999,VVCT,48912599999"
Thoai Son,2022-04-18,32.3,25,28.5,39.2,25,32.1,24.2,78.5,4,100,8.33,rain,0,0,31.7,22.3,93.3,1009.1,45,10.7,240.3,20.8,8,30,2022-04-18T05:47:03,2022-04-18T18:09:49,0.55,"Rain, Partially cloudy",Partly cloudy throughout the day with rain.,rain,"48907099999,VVCT,48912599999"
Thoai Son,2022-04-19,33,25,28.3,39.3,25,31.5,24,78.1,1.7,100,20.83,rain,0,0,35.3,14.8,89.4,1010.1,54.1,11.5,198.5,16.9,10,30,2022-04-19T05:46:33,2022-04-19T18:09:52,0.59,"Rain, Partially cloudy",Partly cloudy throughout the day with rain.,rain,"48907099999,VVCT,48912599999"
Thoai Son,2022-04-20,33.3,24,28.6,39.3,24,32.1,24.1,77.9,3.3,100,33.33,rain,0,0,33.1,20.5,91.7,1009.5,41.7,11.7,194.4,16.7,9,30,2022-04-20T05:46:05,2022-04-20T18:09:55,0.62,"Rain, Partially cloudy",Partly cloudy throughout the day with a chance of rain throughout the day.,rain,"48907099999,VVCT,48912599999"
Thoai Son,2022-04-21,33,25,28.7,39.7,25,32.4,24.3,78,5.3,100,37.5,rain,0,0,33.1,18.4,101.7,1009,49.5,11.6,196.4,17,8,30,2022-04-21T05:45:37,2022-04-21T18:09:58,0.66,"Rain, Partially cloudy",Partly cloudy throughout the day with a chance of rain throughout the day.,rain,"48907099999,VVCT,48912599999"
Thoai Son,2022-04-22,33.3,25,29.1,39.8,25,33,24.5,77.5,0.1,100,4.17,rain,0,0,26.3,18.4,99,1009.3,48.4,11.5,231.4,19.9,9,30,2022-04-22T05:45:09,2022-04-22T18:10:02,0.69,"Rain, Partially cloudy",Partly cloudy throughout the day with morning rain.,rain,"48907099999,VVCT,48912599999"
Thoai Son,2022-04-23,34,26,29.3,40.6,26,33.5,24.6,77.1,1,100,4.17,rain,0,0,24.1,14.8,105.9,1008.6,52.5,11.5,181.7,15.5,9,30,2022-04-23T05:44:42,2022-04-23T18:10:06,0.75,"Rain, Partially cloudy",Partly cloudy throughout the day with late afternoon rain.,rain,"48907099999,VVCT,48912599999"
Thoai Son,2022-04-24,34,26,28.8,42.1,26,32.7,25.2,82.5,0.3,100,4.17,rain,0,0,23,13,136.9,1007.6,56.8,11.7,209.8,18.1,9,30,2022-04-24T05:44:16,2022-04-24T18:10:10,0.76,"Rain, Partially cloudy",Partly cloudy throughout the day with afternoon rain.,rain,"48907099999,VVCT,48912599999"
Thoai Son,2022-04-25,33,25,28.3,40.6,25,32.1,25,83.6,0.1,100,4.17,rain,0,0,21.6,12.8,144.2,1007.5,61.7,11.3,211.1,18.1,9,30,2022-04-25T05:43:50,2022-04-25T18:10:15,0.8,"Rain, Partially cloudy",Partly cloudy throughout the day with late afternoon rain.,rain,"48907099999,VVCT,48912599999"
Thoai Son,2022-04-26,33.1,25,28.6,40.7,25,32.5,25,82.6,0.2,100,4.17,rain,0,0,25.9,24.1,198.3,1007.4,53.2,11.3,227.6,19.8,10,30,2022-04-26T05:43:24,2022-04-26T18:10:20,0.83,"Rain, Partially cloudy",Partly cloudy throughout the day with late afternoon rain.,rain,"48907099999,VVCT,48912599999"
Thoai Son,2022-04-27,34,25,29.4,45.3,25,35.3,25.7,82,0.1,100,4.17,rain,0,0,24.1,9.4,225.3,1006.9,58.6,11.2,243.3,20.9,10,60,2022-04-27T05:43:00,2022-04-27T18:10:26,0.87,"Rain, Partially cloudy",Partly cloudy throughout the day with afternoon rain.,rain,"48907099999,VVCT,48912599999"
Thoai Son,2022-04-28,33.4,25,29,41.6,25,34.3,25.5,82.7,3,100,4.17,rain,0,0,32.8,12.8,160.9,1007.1,60.6,11.6,175.6,15.1,8,30,2022-04-28T05:42:36,2022-04-28T18:10:31,0.91,"Rain, Partially cloudy",Partly cloudy throughout the day with late afternoon rain.,rain,"48907099999,VVCT,48912599999"
Thoai Son,2022-04-29,29,24,25.5,35.6,24,26.7,24.8,95.8,15,100,4.17,rain,0,0,24.5,16.6,218.4,1007.7,79.3,10.4,87.4,7.5,6,30,2022-04-29T05:42:12,2022-04-29T18:10:38,0.94,"Rain, Partially cloudy",Partly cloudy throughout the day with late afternoon rain.,rain,"48907099999,VVCT,48912599999"
Thoai Son,2022-04-30,31,24,26.8,37.7,24,29,24.4,87.7,1.5,100,16.67,rain,0,0,22.3,9.1,123.8,1006.5,61.6,11.3,241.2,20.9,9,30,2022-04-30T05:41:50,2022-04-30T18:10:44,0.98,"Rain, Partially cloudy",Partly cloudy throughout the day with rain.,rain,"48907099999,VVCT,48912599999"
Thoai Son,2022-05-01,32.1,25,27.6,38.6,25,30.5,25,87,2.2,100,33.33,rain,0,0,24.1,21.7,204.8,1006.1,55.6,11.2,260.5,22.5,9,30,2022-05-01T05:41:28,2022-05-01T18:10:51,0,"Rain, Partially cloudy",Partly cloudy throughout the day with a chance of rain throughout the day.,rain,"48907099999,VVCT,48912599999"
Thoai Son,2022-05-02,32,25,27.5,39.4,25,30.4,25,86.8,9.9,100,41.67,rain,0,0,23,14.8,199.9,1006.8,65.1,11.4,238.4,20.8,9,30,2022-05-02T05:41:06,2022-05-02T18:10:59,0.04,"Rain, Partially cloudy",Partly cloudy throughout the day with a chance of rain throughout the day.,rain,"48907099999,VVCT,48912599999"
Thoai Son,2022-05-03,30.8,25,27,37.5,25,29.6,25,89,2,100,4.17,rain,0,0,19.4,22.3,92.9,1008.4,65.6,11.5,255.7,21.9,9,30,2022-05-03T05:40:46,2022-05-03T18:11:06,0.08,"Rain, Partially cloudy",Partly cloudy throughout the day with late afternoon rain.,rain,"48907099999,VVCT,48912599999"
Thoai Son,2022-05-04,30.7,24,26.3,37.1,24,28.4,24.3,89.8,12,100,4.17,rain,0,0,17.3,17.8,18.6,1009,70.8,10.7,219.2,18.9,8,30,2022-05-04T05:40:26,2022-05-04T18:11:15,0.11,"Rain, Partially cloudy",Partly cloudy throughout the day with late afternoon rain.,rain,"48907099999,VVCT,48912599999"
Thoai Son,2022-05-05,30,24,26.7,36.2,24,29.5,24.7,88.9,6,100,8.33,rain,0,0,32.4,11.2,75.1,1007.4,66.9,11.5,220.6,19,10,30,2022-05-05T05:40:06,2022-05-05T18:11:23,0.14,"Rain, Partially cloudy",Partly cloudy throughout the day with rain.,rain,"48907099999,VVCT,48912599999"
Thoai Son,2022-05-06,33,26,28.5,40.6,26,32.6,25,82.2,2,100,4.17,rain,0,0,32,20.5,87.7,1006.9,56,11.7,278.3,24,9,60,2022-05-06T05:39:48,2022-05-06T18:11:32,0.17,"Rain, Partially cloudy",Partly cloudy throughout the day with afternoon rain.,rain,"48907099999,VVCT,48912599999"
Thoai Son,2022-05-07,32.4,26,28.3,39.7,26,32.3,24.7,81.6,1,100,4.17,rain,0,0,44.6,27.7,81.1,1007.1,49.9,11.8,269.2,23.3,10,30,2022-05-07T05:39:30,2022-05-07T18:11:41,0.21,"Rain, Partially cloudy",Partly cloudy throughout the day with late afternoon rain.,rain,"48907099999,VVCT,48912599999"
Thoai Son,2022-05-08,29,24,26.2,35.6,24,27.1,25.2,94.8,12,100,4.17,rain,0,0,36.4,18.4,90.1,1007.5,71.9,10.1,211.1,18.1,8,30,2022-05-08T05:39:13,2022-05-08T18:11:51,0.24,"Rain, Partially cloudy",Partly cloudy throughout the day with afternoon rain.,rain,"48907099999,VVCT,48912599999"
Thoai Son,2022-05-09,30.3,25,27.1,38,25,29.8,25.3,90.1,21,100,4.17,rain,0,0,46.4,24.1,104.9,1008,81.4,10.6,251.9,21.7,8,30,2022-05-09T05:38:57,2022-05-09T18:12:01,0.25,"Rain, Partially cloudy",Partly cloudy throughout the day with late afternoon rain.,rain,"48907099999,VVCT,48912599999"
Thoai Son,2022-05-10,30.5,25,26.6,38.8,25,28.6,25.3,92.9,1,100,4.17,rain,0,0,38.9,14.8,74.5,1007.9,69.3,11,201.2,17.4,9,60,2022-05-10T05:38:41,2022-05-10T18:12:11,0.31,"Rain, Partially cloudy",Partly cloudy throughout the day with afternoon rain.,rain,"48907099999,VVCT,48912599999"
Thoai Son,2022-05-11,34,24,28,42.1,24,31.2,25.1,85.9,0.4,100,4.17,rain,0,0,24.8,14.8,145.9,1007.9,64.5,9.9,255.5,22.1,10,30,2022-05-11T05:38:26,2022-05-11T18:12:22,0.34,"Rain, Partially cloudy",Partly cloudy throughout the day with late afternoon rain.,rain,"48907099999,VVCT,48912599999"
Thoai Son,2022-05-12,32,25,27.8,40.6,25,31.6,25.3,86.8,38,100,8.33,rain,0,0,25.2,20.5,246.5,1007.7,54.8,10.9,294.8,25.7,9,30,2022-05-12T05:38:12,2022-05-12T18:12:33,0.37,"Rain, Partially cloudy",Partly cloudy throughout the day with rain.,rain,"48907099999,VVCT,48912599999"
Thoai Son,2022-05-13,33,25,28.7,40.6,25,33.5,25.4,83.5,1.2,100,8.33,rain,0,0,28.4,15.1,246.5,1007.4,56.8,11.2,226.5,19.5,8,60,2022-05-13T05:37:59,2022-05-13T18:12:45,0.4,"Rain, Partially cloudy",Partly cloudy throughout the day with rain clearing later.,rain,"48907099999,VVCT,48912599999"
Thoai Son,2022-05-14,32,26,29,41.3,26,34.9,26.1,84.7,0,0,0,,0,0,27,18,241.7,1008,50.5,11.5,278.3,24,8,60,2022-05-14T05:37:47,2022-05-14T18:12:57,0.44,Partially cloudy,Partly cloudy throughout the day.,partly-cloudy-day,"48907099999,VVCT,48912599999"
Thoai Son,2022-05-15,33,26,29.4,43.8,26,35.4,25.9,82,0,0,0,,0,0,24.8,20.5,226.5,1008.4,54,11.4,289.3,24.9,9,60,2022-05-15T05:37:35,2022-05-15T18:13:09,0.47,Partially cloudy,Partly cloudy throughout the day.,partly-cloudy-day,"48907099999,VVCT,48912599999"
Thoai Son,2022-05-16,32,26,28.3,40.6,26,32.8,25.6,86,27,100,4.17,rain,0,0,25.9,16.6,239.9,1008.5,65.6,11.7,271.5,23.5,9,60,2022-05-16T05:37:24,2022-05-16T18:13:21,0.5,"Rain, Partially cloudy",Partly cloudy throughout the day with morning rain.,rain,"48907099999,VVCT,48912599999"
Thoai Son,2022-05-17,33,25,27.9,40.6,25,31.1,25.1,85.9,10,100,4.17,rain,0,0,27.4,14.8,277.8,1008.6,71.3,11.6,239.4,20.7,9,30,2022-05-17T05:37:14,2022-05-17T18:13:34,0.54,"Rain, Partially cloudy",Partly cloudy throughout the day with morning rain.,rain,"48907099999,VVCT,48912599999"
Thoai Son,2022-05-18,29.3,25,26.3,35.6,25,28.2,25.1,93.5,5,100,4.17,rain,0,0,15.8,16.6,224.3,1009.3,80.1,10.6,199.8,17.3,8,30,2022-05-18T05:37:05,2022-05-18T18:13:48,0.57,"Rain, Partially cloudy",Partly cloudy throughout the day with early morning rain.,rain,"48907099999,VVCT,48912599999"
Thoai Son,2022-05-19,29.9,24,26.8,35.5,24,29.3,24.7,88.8,30,100,8.33,rain,0,0,27.4,14.8,245.9,1010,65.5,11.3,296.1,25.6,10,30,2022-05-19T05:36:57,2022-05-19T18:14:01,0.61,"Rain, Partially cloudy",Partly cloudy throughout the day with rain in the morning and afternoon.,rain,"48907099999,VVCT,48912599999"
Thoai Son,2022-05-20,32,25,28.4,37.9,25,32.6,25.1,83,4,100,8.33,rain,0,0,31.3,16.6,252.9,1008.7,63.4,12.1,155.6,13.5,5,30,2022-05-20T05:36:49,2022-05-20T18:14:15,0.64,"Rain, Partially cloudy",Partly cloudy throughout the day with rain.,rain,"48907099999,VVCT,48912599999,remote"
Thoai Son,2022-05-21,30.5,25,26.8,37,25,29,25.3,91.8,3,100,8.33,rain,0,0,35.3,20.5,247.6,1006.8,75.1,10.1,233.5,20.2,8,30,2022-05-21T05:36:42,2022-05-21T18:14:29,0.68,"Rain, Partially cloudy",Partly cloudy throughout the day with rain.,rain,"48907099999,VVCT,48912599999"
Thoai Son,2022-05-22,31.1,23,26.4,40,23,28.6,24.8,91.8,4,100,8.33,rain,0,0,43.2,18.4,222.8,1005.4,77.7,10.1,221,19,8,30,2022-05-22T05:36:36,2022-05-22T18:14:43,0.71,"Rain, Partially cloudy",Partly cloudy throughout the day with rain.,rain,"48907099999,VVCT,48912599999"
Thoai Son,2022-05-23,29.3,23,25.6,35.4,23,26.6,24.2,92.3,28.2,100,12.5,rain,0,0,47.5,22.3,245.5,1006.1,83.2,11,81.8,7,3,30,2022-05-23T05:36:31,2022-05-23T18:14:58,0.75,"Rain, Partially cloudy",Partly cloudy throughout the day with rain.,rain,"48907099999,VVCT,48912599999"
Thoai Son,2022-05-24,33,25,28.6,40.2,25,32.8,25.3,83.8,0.4,100,12.5,rain,0,0,29.9,16.6,240.4,1008.4,52,11.7,267.9,23.1,9,60,2022-05-24T05:36:26,2022-05-24T18:15:13,0.78,"Rain, Partially cloudy",Partly cloudy throughout the day with rain clearing later.,rain,"48907099999,VVCT,48912599999"
Thoai Son,2022-05-25,32,25,28.4,39.2,25,32.6,25.1,83.1,0.3,100,4.17,rain,0,0,44.6,18.4,259.1,1008.5,47.9,12.1,278.8,24.1,10,30,2022-05-25T05:36:23,2022-05-25T18:15:28,0.82,"Rain, Partially cloudy",Partly cloudy throughout the day with late afternoon rain.,rain,"48907099999,VVCT,48912599999,remote"
Thoai Son,2022-05-26,32.3,25,28.6,40.5,25,33.4,25.4,83.5,4.6,100,20.83,rain,0,0,46.8,18.3,257.7,1006.9,51.3,11.5,200,17.3,8,75,2022-05-26T05:36:20,2022-05-26T18:15:43,0.85,"Rain, Partially cloudy",Partly cloudy throughout the day with rain.,rain,"48907099999,VVCT,48912599999"
Thoai Son,2022-05-27,30.1,24,26.6,37.7,24,28.8,25.2,92.5,1,100,4.17,rain,0,0,45,29.5,232.9,1006.1,82.5,10.6,164.7,14.2,8,60,2022-05-27T05:36:18,2022-05-27T18:15:58,0.89,"Rain, Partially cloudy",Partly cloudy throughout the day with late afternoon rain.,rain,"48907099999,VVCT,48912599999"
Thoai Son,2022-05-28,30,23,25.2,37.4,23,26.3,24.3,94.9,45,100,16.67,rain,0,0,51.8,31.7,242.7,1006.3,82.4,10,106.9,9.4,8,60,2022-05-28T05:36:16,2022-05-28T18:16:14,0.92,"Rain, Partially cloudy",Partly cloudy throughout the day with a chance of rain throughout the day.,rain,"48907099999,VVCT,48912599999"
Thoai Son,2022-05-29,30.5,23,26.3,38,23,28.5,24.8,91.5,9.1,100,8.33,rain,0,0,40,24.1,234.9,1006.4,79.8,10.7,155.3,13.3,8,60,2022-05-29T05:36:15,2022-05-29T18:16:30,0.96,"Rain, Partially cloudy",Partly cloudy throughout the day with rain.,rain,"48907099999,VVCT,48912599999"
Thoai Son,2022-05-30,31,25,26.7,40.6,25,29.6,25.3,92.4,0.8,100,4.17,rain,0,0,40.3,16.6,230.7,1006.1,84.4,10.4,197.5,17,8,75,2022-05-30T05:36:16,2022-05-30T18:16:46,0,"Rain, Partially cloudy",Partly cloudy throughout the day with early morning rain.,rain,"48907099999,VVCT,48912599999"
Thoai Son,2022-05-31,32,25,28.1,40.6,25,32.8,25.7,87.5,1.7,100,8.33,rain,0,0,38.5,14.8,249.9,1005.8,61.6,10.4,295.2,25.4,10,60,2022-05-31T05:36:16,2022-05-31T18:17:02,0.02,"Rain, Partially cloudy",Partly cloudy throughout the day with rain in the morning and afternoon.,rain,"48907099999,VVCT,48912599999"
Thoai Son,2022-06-01,33,26,28.2,42.1,26,32.6,25.8,87.7,6.1,100,25,rain,0,0,28.4,16.6,224.1,1006.7,49.8,11.7,272.5,23.4,9,60,2022-06-01T05:36:18,2022-06-01T18:17:18,0.06,"Rain, Partially cloudy",Partly cloudy throughout the day with a chance of rain throughout the day.,rain,"48907099999,VVCT,48912599999"
Thoai Son,2022-06-02,34,25,27.5,40.6,25,30.6,25.4,89.3,6,100,8.33,rain,0,0,29.9,22.3,233.6,1007.5,61.2,10,285.6,24.7,9,60,2022-06-02T05:36:20,2022-06-02T18:17:34,0.09,"Rain, Partially cloudy",Partly cloudy throughout the day with rain.,rain,"48907099999,VVCT,48912599999"
Thoai Son,2022-06-03,31.1,24,26.6,39.3,24,28.5,25.1,92.1,0.2,100,4.17,rain,0,0,27.7,27.7,213.4,1008.1,79.4,10.5,272.7,23.6,9,60,2022-06-03T05:36:23,2022-06-03T18:17:50,0.12,"Rain, Partially cloudy",Partly cloudy throughout the day with early morning rain.,rain,"48907099999,VVCT,48912599999"
Thoai Son,2022-06-04,30.2,24,25.5,37.1,24,26.4,24.3,93.5,28,100,12.5,rain,0,0,25.9,33.5,232.1,1009.5,72.5,10.4,234.8,20.1,8,60,2022-06-04T05:36:27,2022-06-04T18:18:07,0.16,"Rain, Partially cloudy",Partly cloudy throughout the day with a chance of rain throughout the day.,rain,"48907099999,VVCT,48912599999"
Thoai Son,2022-06-05,31,23,27,37.7,23,29.9,24.3,85.6,0,0,0,,0,0,32.4,20.2,241.3,1008.1,57.4,12,299,25.7,10,60,2022-06-05T05:36:31,2022-06-05T18:18:23,0.19,Partially cloudy,Partly cloudy throughout the day.,partly-cloudy-day,"48907099999,VVCT,48912599999,remote"
Thoai Son,2022-06-06,32,24,28.2,40.6,24,31.8,24.6,81.9,4.8,100,25,rain,0,0,34.9,18.4,248.1,1007.2,52.3,12.3,276.8,23.8,10,75,2022-06-06T05:36:36,2022-06-06T18:18:39,0.22,"Rain, Partially cloudy",Partly cloudy throughout the day with a chance of rain throughout the day.,rain,"48907099999,VVCT,48912599999,remote"
Thoai Son,2022-06-07,33,25,27.9,42.1,25,31.4,25.1,85.6,11.2,100,33.33,rain,0,0,35.3,15.8,255.3,1007.3,65.5,11.4,258.9,22.4,9,75,2022-06-07T05:36:42,2022-06-07T18:18:55,0.25,"Rain, Partially cloudy",Partly cloudy throughout the day with rain.,rain,"48907099999,VVCT,48912599999"
Thoai Son,2022-06-08,33,25,28.9,39.9,25,33.1,24.7,79.5,3.5,100,16.67,rain,0,0,38.2,11.1,267.8,1007.6,55.8,11.7,289.2,25,9,60,2022-06-08T05:36:48,2022-06-08T18:19:12,0.29,"Rain, Partially cloudy",Partly cloudy throughout the day with rain.,rain,"48907099999,VVCT,48912599999"
Thoai Son,2022-06-09,34,25,29.1,40.6,25,33.3,24.7,79,0.3,100,4.17,rain,0,0,32,16.6,255.5,1007.2,42,11.8,305.2,26.2,10,60,2022-06-09T05:36:55,2022-06-09T18:19:28,0.32,"Rain, Partially cloudy",Partly cloudy throughout the day with early morning rain.,rain,"48907099999,VVCT,48912599999"
Thoai Son,2022-06-10,34,26,29.2,40.9,26,33.9,25.1,80,6.2,100,20.83,rain,0,0,32.8,17,258.3,1007.6,53.9,11.4,291.4,25.1,9,60,2022-06-10T05:37:03,2022-06-10T18:19:44,0.36,"Rain, Partially cloudy",Partly cloudy throughout the day with rain.,rain,"48907099999,VVCT,48912599999"
Thoai Son,2022-06-11,34,24,29,41.2,24,33.4,24.9,80.1,1.8,100,25,rain,0,0,28.4,13,258.6,1007.8,49.3,12,258.3,22.1,8,75,2022-06-11T05:37:11,2022-06-11T18:20:00,0.39,"Rain, Partially cloudy",Partly cloudy throughout the day with rain.,rain,"48907099999,VVCT,48912599999,remote"
Thoai Son,2022-06-12,34,25,27.8,40.6,25,31.5,25.5,88.1,1.1,100,12.5,rain,0,0,29.5,17.3,228.6,1008.4,64.2,11.4,278,23.9,9,60,2022-06-12T05:37:19,2022-06-12T18:20:15,0.42,"Rain, Partially cloudy",Partly cloudy throughout the day with rain in the morning and afternoon.,rain,"48907099999,VVCT,48912599999,remote"
Thoai Son,2022-06-13,32,24.1,27.6,40.6,24.1,31.1,25,86.4,0.1,100,4.17,rain,0,0,25.6,12,235.2,1007.9,54.2,11.1,294.2,25.3,9,60,2022-06-13T05:37:28,2022-06-13T18:20:31,0.46,"Rain, Partially cloudy",Partly cloudy throughout the day with early morning rain.,rain,"48907099999,VVCT,48912599999"
Thoai Son,2022-06-14,32.6,24,28,39.2,24,31.5,25,85.1,2.8,100,33.33,rain,0,0,20.5,13,219.9,1007.9,56,11.3,287.8,24.9,9,60,2022-06-14T05:37:38,2022-06-14T18:20:46,0.5,"Rain, Partially cloudy",Partly cloudy throughout the day with a chance of rain throughout the day.,rain,"48907099999,VVCT,48912599999"
Thoai Son,2022-06-15,33,24,27.2,39.8,24,29.9,24.9,88.3,3,100,4.17,rain,0,0,17.3,12.2,216.3,1008.8,52.5,11.2,223,19.4,9,30,2022-06-15T05:37:48,2022-06-15T18:21:01,0.52,"Rain, Partially cloudy",Partly cloudy throughout the day with late afternoon rain.,rain,"48907099999,VVCT,48912599999"
Thoai Son,2022-06-16,33,24,27.7,40.6,24,30.5,24.6,84.8,2.2,100,12.5,rain,0,0,22,14.4,230.2,1009.3,51.5,11.1,283.7,24.5,9,75,2022-06-16T05:37:59,2022-06-16T18:21:16,0.56,"Rain, Partially cloudy",Partly cloudy throughout the day with rain.,rain,"48907099999,VVCT,48912599999"
Thoai Son,2022-06-17,34,25,28.6,41.2,25,32.2,24.8,82.1,3,100,29.17,rain,0,0,24.1,12,222.8,1008.9,48.4,11.5,298.2,25.8,9,75,2022-06-17T05:38:10,2022-06-17T18:21:31,0.59,"Rain, Partially cloudy",Partly cloudy throughout the day with a chance of rain throughout the day.,rain,"48907099999,VVCT,48912599999"
Thoai Son,2022-06-18,33,25,29,42.1,25,33.8,25.2,81.2,0.5,100,16.67,rain,0,0,28.4,14.6,236.4,1008.7,53.2,11.7,289.8,25,9,60,2022-06-18T05:38:22,2022-06-18T18:21:45,0.63,"Rain, Partially cloudy",Partly cloudy throughout the day with rain.,rain,"48907099999,VVCT,48912599999"
Thoai Son,2022-06-19,33.1,23,27.3,41.2,23,30.2,24.7,87.2,4,100,4.17,rain,0,0,37.1,20.5,231.2,1007.8,70.3,10.6,262,22.5,9,75,2022-06-19T05:38:34,2022-06-19T18:21:59,0.66,"Rain, Partially cloudy",Partly cloudy throughout the day with late afternoon rain.,rain,"48907099999,VVCT,48912599999"
Thoai Son,2022-06-20,32.1,24,27.3,39.8,24,30.3,24.5,85.9,9,100,8.33,rain,0,0,29.5,14.8,211.5,1006.4,58.6,10.3,264.3,22.9,8,60,2022-06-20T05:38:46,2022-06-20T18:22:12,0.7,"Rain, Partially cloudy",Partly cloudy throughout the day with rain in the morning and afternoon.,rain,"48907099999,VVCT,48912599999"
Thoai Son,2022-06-21,32.7,24,27.5,39.1,24,30.5,24.6,85.7,34,100,4.17,rain,0,0,25.6,16.6,234.6,1006.3,55.7,11.1,283.4,24.4,9,60,2022-06-21T05:38:59,2022-06-21T18:22:26,0.75,"Rain, Partially cloudy",Partly cloudy throughout the day with early morning rain.,rain,"48907099999,VVCT,48912599999"
Thoai Son,2022-06-22,32,25,27.4,39.1,25,30.1,24.6,85.5,32,100,8.33,rain,0,0,23,22.4,238.1,1008.4,66.5,11.6,294.6,25.4,9,60,2022-06-22T05:39:12,2022-06-22T18:22:38,0.76,"Rain, Partially cloudy",Partly cloudy throughout the day with rain.,rain,"48907099999,VVCT,48912599999,remote"
Thoai Son,2022-06-23,31,24,26.8,39.1,24,29,24.7,89.3,1.6,100,16.67,rain,0,0,25.2,14.8,232.3,1008.9,64.4,11.1,273,23.5,9,60,2022-06-23T05:39:25,2022-06-23T18:22:51,0.8,"Rain, Partially cloudy",Partly cloudy throughout the day with a chance of rain throughout the day.,rain,"48907099999,VVCT,48912599999"
Thoai Son,2022-06-24,31,24,26.3,37.7,24,28.1,24.6,90.9,34,100,8.33,rain,0,0,27.7,18.1,239.5,1008,74.2,10.4,162.4,14,9,60,2022-06-24T05:39:39,2022-06-24T18:23:03,0.83,"Rain, Partially cloudy",Partly cloudy throughout the day with rain.,rain,"48907099999,VVCT,48912599999"
Thoai Son,2022-06-25,32,24,27.5,38.2,24,30.3,24.4,84.7,0.2,100,4.17,rain,0,0,23.4,14.8,230.4,1007.2,69.6,11.1,255,22.1,8,60,2022-06-25T05:39:53,2022-06-25T18:23:14,0.87,"Rain, Partially cloudy",Partly cloudy throughout the day with early morning rain.,rain,"48907099999,VVCT,48912599999"
Thoai Son,2022-06-26,31,24,27.5,37.7,24,30.9,25,87.2,6,100,29.17,rain,0,0,21.6,12.8,210.5,1008.2,65,11.7,272.5,23.5,9,60,2022-06-26T05:40:07,2022-06-26T18:23:25,0.9,"Rain, Partially cloudy",Partly cloudy throughout the day with rain.,rain,"48907099999,VVCT,48912599999"
Thoai Son,2022-06-27,33,25,28.6,40.6,25,32.6,24.9,81.5,40,100,8.33,rain,0,0,23,12,237.5,1008.4,58.7,11.3,277.3,23.9,9,60,2022-06-27T05:40:21,2022-06-27T18:23:36,0.93,"Rain, Partially cloudy",Partly cloudy throughout the day with rain clearing later.,rain,"48907099999,VVCT,48912599999"
Thoai Son,2022-06-28,31.8,25,28,39.1,25,32.4,25.4,86,2,100,4.17,rain,0,0,37.8,17.3,251.7,1007,57.4,11.5,278.5,23.8,9,75,2022-06-28T05:40:36,2022-06-28T18:23:46,0.97,"Rain, Partially cloudy",Partly cloudy throughout the day with afternoon rain.,rain,"48907099999,VVCT,48912599999"
Thoai Son,2022-06-29,32.6,25,28.9,41.8,25,33.7,25.3,82.1,4.1,100,29.17,rain,0,0,41.8,19.2,254,1004.9,48.9,11.7,226.1,19.5,8,75,2022-06-29T05:40:51,2022-06-29T18:23:55,0,"Rain, Partially cloudy",Partly cloudy throughout the day with rain.,rain,"48907099999,VVCT,48912599999"
Thoai Son,2022-06-30,31,25,27.2,40.6,25,30.4,25.5,90.9,2.2,100,25,rain,0,0,42.1,22.5,244.1,1004.5,57,11.4,258.9,22.3,8,75,2022-06-30T05:41:06,2022-06-30T18:24:04,0.04,"Rain, Partially cloudy",Partly cloudy throughout the day with a chance of rain throughout the day.,rain,"48907099999,VVCT,48912599999"
Thoai Son,2022-07-01,31.4,25,27.3,39.7,25,30.4,24.8,87,0.1,100,4.17,rain,0,0,40.7,28.8,239.6,1004.9,82.7,11.7,200.6,17.2,7,75,2022-07-01T05:41:21,2022-07-01T18:24:12,0.07,"Rain, Partially cloudy",Partly cloudy throughout the day with morning rain.,rain,"48907099999,VVCT,48912599999"
Thoai Son,2022-07-02,28,24,25.8,33.6,24,26.9,24.9,94.9,31.3,100,12.5,rain,0,0,36.4,16.4,225,1005.5,81.4,11.3,88.5,7.6,6,30,2022-07-02T05:41:36,2022-07-02T18:24:20,0.11,"Rain, Partially cloudy",Partly cloudy throughout the day with rain.,rain,"48907099999,VVCT,48912599999"
Thoai Son,2022-07-03,29,24,25.9,35.6,24,27.1,25.1,95.1,20,100,4.17,rain,0,0,28.8,13,224.3,1006.5,80.2,10.4,220.5,18.9,8,30,2022-07-03T05:41:51,2022-07-03T18:24:27,0.14,"Rain, Partially cloudy",Partly cloudy throughout the day with afternoon rain.,rain,"48907099999,VVCT,48912599999"
Thoai Son,2022-07-04,30,24,26.7,36.2,24,29.3,25.3,92.4,3,100,4.17,rain,0,0,28.1,16.6,233,1006.7,64.4,10.6,291.5,25.4,9,30,2022-07-04T05:42:06,2022-07-04T18:24:33,0.17,"Rain, Partially cloudy",Partly cloudy throughout the day with afternoon rain.,rain,"48907099999,VVCT,48912599999"
Thoai Son,2022-07-05,31.4,25,27.4,39.1,25,31,25.1,88.1,1.5,100,16.67,rain,0,0,37.1,22.3,228.1,1006.7,46.7,11.6,288.7,25,9,60,2022-07-05T05:42:22,2022-07-05T18:24:39,0.21,"Rain, Partially cloudy",Partly cloudy throughout the day with a chance of rain throughout the day.,rain,"48907099999,VVCT,48912599999"
Thoai Son,2022-07-06,30,23,26.7,36.2,23,29.2,24.6,88.5,13,100,8.33,rain,0,0,38.9,20.5,231.4,1007.6,57,10.8,275.2,23.8,8,75,2022-07-06T05:42:37,2022-07-06T18:24:44,0.24,"Rain, Partially cloudy",Partly cloudy throughout the day with rain in the morning and afternoon.,rain,"48907099999,VVCT,48912599999"
Thoai Son,2022-07-07,32,24,27.9,39.2,24,31.8,25.1,85.6,0.2,100,4.17,rain,0,0,40.3,21.1,246.6,1007.5,57.1,12.3,218,18.9,8,60,2022-07-07T05:42:52,2022-07-07T18:24:48,0.25,"Rain, Partially cloudy",Partly cloudy throughout the day with late afternoon rain.,rain,"48907099999,VVCT,48912599999,remote"
Thoai Son,2022-07-08,29,25,26.7,35.6,25,29.2,24.7,89,15,100,4.17,rain,0,0,34.9,22.3,252.1,1007.4,85.3,12,284.2,24.5,9,60,2022-07-08T05:43:08,2022-07-08T18:24:52,0.31,"Rain, Partially cloudy",Partly cloudy throughout the day with afternoon rain.,rain,"48907099999,VVCT,48912599999,remote"
Thoai Son,2022-07-09,31,23,26.9,37.7,23,29.7,24.3,86.8,17,100,4.17,rain,0,0,44.3,20.5,256.3,1006.3,83.6,11.5,120,10.5,7,30,2022-07-09T05:43:23,2022-07-09T18:24:55,0.34,"Rain, Partially cloudy",Partly cloudy throughout the day with morning rain.,rain,"48907099999,VVCT,48912599999,remote"
Thoai Son,2022-07-10,30,23,25.2,35.1,23,26,23.5,91,28,100,12.5,rain,0,0,68.4,21.9,260.9,1006.8,88.6,10.3,20.6,1.8,1,10,2022-07-10T05:43:38,2022-07-10T18:24:57,0.38,"Rain, Partially cloudy",Partly cloudy throughout the day with a chance of rain throughout the day.,rain,"48907099999,VVCT,48912599999"
Thoai Son,2022-07-11,27,24,25.5,30.6,24,25.8,24.3,93.3,14,100,8.33,rain,0,0,72,22.3,261.1,1006.8,88.9,10.1,39.6,3.5,2,30,2022-07-11T05:43:53,2022-07-11T18:24:58,0.41,"Rain, Partially cloudy",Partly cloudy throughout the day with rain.,rain,"48907099999,VVCT,48912599999"
Thoai Son,2022-07-12,27.6,23,24.9,32,23,25.4,24.1,95.4,111,100,16.67,rain,0,0,64.8,25,266.4,1005.7,90.1,7.9,50.2,4.4,6,10,2022-07-12T05:44:08,2022-07-12T18:24:59,0.45,"Rain, Overcast",Cloudy skies throughout the day with a chance of rain throughout the day.,rain,"48907099999,VVCT,48912599999"
Thoai Son,2022-07-13,26.3,23,24.7,26.3,23,24.7,24,95.7,48,100,12.5,rain,0,0,58.7,22.3,271.8,1004.9,89.6,9.2,93.3,8.2,8,10,2022-07-13T05:44:22,2022-07-13T18:24:59,0.48,"Rain, Partially cloudy",Partly cloudy throughout the day with rain.,rain,"48907099999,VVCT,48912599999"
Thoai Son,2022-07-14,29,23,25.9,34.5,23,27.5,24.3,91.3,19,100,8.33,rain,0,0,45.7,20.5,241.3,1005.6,80.7,10.7,233.3,20.1,9,30,2022-07-14T05:44:37,2022-07-14T18:24:58,0.5,"Rain, Partially cloudy",Partly cloudy throughout the day with rain.,rain,"48907099999,VVCT,48912599999"
Thoai Son,2022-07-15,30,24,26.4,37.4,24,28.7,24.9,92,1,100,4.17,rain,0,0,33.5,16.6,244.1,1006.6,78.2,11.1,254.7,22.1,9,60,2022-07-15T05:44:51,2022-07-15T18:24:56,0.55,"Rain, Partially cloudy",Partly cloudy throughout the day with early morning rain.,rain,"48907099999,VVCT,48912599999"
Thoai Son,2022-07-16,31,24,26.6,38,24,28.8,25.1,91.7,7,100,8.33,rain,0,0,44.6,24.1,233.2,1007.4,60.8,11,293.2,25.3,9,60,2022-07-16T05:45:05,2022-07-16T18:24:54,0.58,"Rain, Partially cloudy",Partly cloudy throughout the day with rain.,rain,"48907099999,VVCT,48912599999"
Thoai Son,2022-07-17,30.2,24,26.7,37.4,24,28.9,25.1,91.5,9,100,8.33,rain,0,0,33.1,22.4,228.9,1008.7,69.1,10.8,295.3,25.6,9,60,2022-07-17T05:45:19,2022-07-17T18:24:50,0.61,"Rain, Partially cloudy",Partly cloudy throughout the day with rain clearing later.,rain,"48907099999,VVCT,48912599999"
Thoai Son,2022-07-18,32,25,28,39.2,25,31,24.8,83.9,0.3,100,4.17,rain,0,0,31.3,18.4,247.7,1007.2,63.3,11,299.7,25.9,10,75,2022-07-18T05:45:33,2022-07-18T18:24:46,0.65,"Rain, Partially cloudy",Partly cloudy throughout the day with late afternoon rain.,rain,"48907099999,VVCT,48912599999"
Thoai Son,2022-07-19,32.1,25,27.5,41.6,25,31,25.1,87.7,0.1,100,4.17,rain,0,0,33.5,18.4,242.7,1006.2,79.8,10.8,273.4,23.6,8,60,2022-07-19T05:45:46,2022-07-19T18:24:41,0.68,"Rain, Partially cloudy",Partly cloudy throughout the day with morning rain.,rain,"48907099999,VVCT,48912599999"
Thoai Son,2022-07-20,27.5,24,25.3,31.8,24,25.9,24.6,96.3,8.1,100,8.33,rain,0,0,31.3,33.5,218.3,1006.7,81.9,10.7,140.4,12.1,7,60,2022-07-20T05:46:00,2022-07-20T18:24:36,0.75,"Rain, Partially cloudy",Partly cloudy throughout the day with rain.,rain,"48907099999,VVCT,48912599999"
Thoai Son,2022-07-21,26.3,24,25,26.3,24,25,24.1,95.2,34,100,12.5,rain,0,0,28.1,16.6,235.3,1009.1,86.3,11.2,43.3,3.6,2,10,2022-07-21T05:46:13,2022-07-21T18:24:29,0.75,"Rain, Partially cloudy",Partly cloudy throughout the day with a chance of rain throughout the day.,rain,"48907099999,VVCT,48912599999"
Thoai Son,2022-07-22,33,22,27.6,38.3,22,30.4,23.6,81,0.5,100,16.67,rain,0,0,23.4,12.2,6.7,1009.5,45.7,11.4,250.8,21.6,10,60,2022-07-22T05:46:25,2022-07-22T18:24:22,0.78,"Rain, Partially cloudy",Partly cloudy throughout the day with rain.,rain,"48907099999,VVCT,48912599999"
Thoai Son,2022-07-23,34,25,27.6,38.3,25,29.8,24.5,84.9,8.9,100,25,rain,0,0,15.8,13,178.5,1008.7,54.7,11,294.4,25.4,10,75,2022-07-23T05:46:37,2022-07-23T18:24:13,0.82,"Rain, Partially cloudy",Partly cloudy throughout the day with rain.,rain,"48907099999,VVCT,48912599999"
Thoai Son,2022-07-24,33,24,27.8,38.1,24,30.7,24.6,83.9,2,100,4.17,rain,0,0,19.4,15.7,82,1007.4,48.9,11.6,240,20.9,9,60,2022-07-24T05:46:49,2022-07-24T18:24:04,0.85,"Rain, Partially cloudy",Partly cloudy throughout the day with late afternoon rain.,rain,"48907099999,VVCT,48912599999"
Thoai Son,2022-07-25,33,24,27.5,42.1,24,30.1,25,87.9,2,100,4.17,rain,0,0,24.1,11.2,117.4,1007.6,45.3,10.9,287.9,25,10,60,2022-07-25T05:47:01,2022-07-25T18:23:54,0.88,"Rain, Partially cloudy",Partly cloudy throughout the day with late afternoon rain.,rain,"48907099999,VVCT,48912599999"
Thoai Son,2022-07-26,33,25,27.8,39.3,25,31,24.9,85.3,1,100,4.17,rain,0,0,22.3,13,178.5,1007.8,53.1,11.3,215.9,18.7,9,60,2022-07-26T05:47:12,2022-07-26T18:23:44,0.92,"Rain, Partially cloudy",Partly cloudy throughout the day with late afternoon rain.,rain,"48907099999,VVCT,48912599999"
Thoai Son,2022-07-27,33,24,27.1,39.3,24,29.1,24.5,87.1,1.5,100,25,rain,0,0,18.7,14.6,137.9,1007.5,74.3,11.1,290.7,25.1,10,60,2022-07-27T05:47:23,2022-07-27T18:23:32,0.95,"Rain, Partially cloudy",Partly cloudy throughout the day with a chance of rain throughout the day.,rain,"48907099999,VVCT,48912599999,remote"
Thoai Son,2022-07-28,33,24,27.2,40.3,24,29.7,24.6,87.1,3.1,100,20.83,rain,0,0,19.8,8.5,210.3,1007.6,56,10.2,297.6,25.6,10,60,2022-07-28T05:47:34,2022-07-28T18:23:20,0.98,"Rain, Partially cloudy",Partly cloudy throughout the day with rain.,rain,"48907099999,VVCT,48912599999"
Thoai Son,2022-07-29,32.4,24,27.5,40.6,24,30.7,24.9,87.1,0.7,100,20.83,rain,0,0,24.8,16.6,223.9,1007.1,47.9,10.9,291.9,25.2,9,60,2022-07-29T05:47:44,2022-07-29T18:23:06,0,"Rain, Partially cloudy",Partly cloudy throughout the day with rain.,rain,"48907099999,VVCT,48912599999"
Thoai Son,2022-07-30,33,25,28.6,42.1,25,33.3,25.4,83.9,2.4,100,12.5,rain,0,0,27.7,18.4,232.3,1006.6,51.7,11.2,254.5,22,10,60,2022-07-30T05:47:53,2022-07-30T18:22:52,0.05,"Rain, Partially cloudy",Partly cloudy throughout the day with rain.,rain,"48907099999,VVCT,48912599999"
Thoai Son,2022-07-31,31.1,24,27.4,40.2,24,31.5,26,91.9,10,100,45.83,rain,0,0,28.4,20.5,234.6,1005.7,67,11.5,237.1,20.5,9,75,2022-07-31T05:48:03,2022-07-31T18:22:37,0.09,"Rain, Partially cloudy",Partly cloudy throughout the day with a chance of rain throughout the day.,rain,"48907099999,VVCT,48912599999"
Thoai Son,2022-08-01,31,24,26.6,36.5,24,28.6,24.7,89.8,18,100,12.5,rain,0,0,30.6,22.5,246.1,1006.5,61.9,10.9,188,16.2,8,60,2022-08-01T05:48:12,2022-08-01T18:22:22,0.12,"Rain, Partially cloudy",Partly cloudy throughout the day with a chance of rain throughout the day.,rain,"48907099999,VVCT,48912599999"
Thoai Son,2022-08-02,31,25,27.4,37.7,25,30.6,25,87.2,0.1,100,4.17,rain,0,0,28.8,18.4,239.2,1007.5,59.8,11.9,190.1,16.4,9,60,2022-08-02T05:48:20,2022-08-02T18:22:05,0.16,"Rain, Partially cloudy",Partly cloudy throughout the day with afternoon rain.,rain,"48907099999,VVCT,48912599999"
Thoai Son,2022-08-03,31,24,26.8,37.7,24,28.9,24.8,89.4,20,100,8.33,rain,0,0,34.6,19.4,252.5,1008.7,75.6,10.8,222.4,19.3,8,60,2022-08-03T05:48:28,2022-08-03T18:21:48,0.19,"Rain, Partially cloudy",Partly cloudy throughout the day with rain in the morning and afternoon.,rain,"48907099999,VVCT,48912599999"
Thoai Son,2022-08-04,31,24,26.7,36.9,24,28.7,24.3,87.6,5.1,100,8.33,rain,0,0,45.4,14.8,264.5,1008.5,72.5,11.5,254.3,21.8,9,30,2022-08-04T05:48:36,2022-08-04T18:21:30,0.23,"Rain, Partially cloudy",Partly cloudy throughout the day with rain.,rain,"48907099999,VVCT,48912599999"
Thoai Son,2022-08-05,31,24.8,27.5,35.1,24.8,29.6,23.8,81.4,0.3,100,8.33,rain,0,0,43.9,18.9,265.7,1008,63.1,11.9,180.5,15.7,10,30,2022-08-05T05:48:43,2022-08-05T18:21:11,0.25,"Rain, Partially cloudy",Partly cloudy throughout the day with rain.,rain,"48907099999,VVCT,48912599999,remote"
Thoai Son,2022-08-06,27.7,22,25.9,31.9,22,27.5,24.2,91.1,25.7,100,8.33,rain,0,0,42.5,17.3,245.8,1007.5,79.5,11.4,130,11.1,5,30,2022-08-06T05:48:50,2022-08-06T18:20:51,0.3,"Rain, Partially cloudy",Partly cloudy throughout the day with rain in the morning and afternoon.,rain,"48907099999,VVCT,48912599999"
Thoai Son,2022-08-07,29.5,23,26.2,34.2,23,28,24,88.4,8,100,4.17,rain,0,0,57.6,25.9,253.3,1007,82.9,11.2,165.8,14.2,9,30,2022-08-07T05:48:57,2022-08-07T18:20:31,0.33,"Rain, Partially cloudy",Partly cloudy throughout the day with morning rain.,rain,"48907099999,VVCT,48912599999"
Thoai Son,2022-08-08,30,21,25.6,37.1,21,26.7,24.4,93.4,22,100,4.17,rain,0,0,57.1,20.8,251.6,1007.1,77.4,11.2,145.4,12.6,8,30,2022-08-08T05:49:03,2022-08-08T18:20:09,0.37,"Rain, Partially cloudy",Partly cloudy throughout the day with afternoon rain.,rain,"48907099999,VVCT,48912599999"
Thoai Son,2022-08-09,30,23,26.4,34.1,23,28.2,23.8,86.3,0.5,100,4.17,rain,0,0,51.8,24.1,262.6,1006.6,74,11.4,56.2,4.8,3,10,2022-08-09T05:49:09,2022-08-09T18:19:48,0.4,"Rain, Partially cloudy",Partly cloudy throughout the day with afternoon rain.,rain,"48907099999,VVCT,48912599999,remote"
